Date,return_btc,return_eth,return_sp500,return_ssc
2016-03-10,0.0074,0.049100000000000005,2e-4,-0.0202
2016-03-11,0.0079,0.017,0.016399999999999998,0.002
2016-03-14,0.0046,-0.1705,-0.0013,0.0175
2016-03-15,0.002,0.044800000000000006,-0.0018,0.0017000000000000001
2016-03-16,0.0019,-0.0138,0.005600000000000001,0.0021
2016-03-17,0.0054,-0.1661,0.0066,0.012
2016-03-18,-0.0239,0,0.0044,0.0173
2016-03-21,-0.001,0.1739,0.001,0.0215
2016-03-22,0.0124,-0.048499999999999995,-9e-4,-0.0064
2016-03-23,0.0019,0.0932,-0.0064,0.0034999999999999996
2016-03-24,-0.0054,-0.099,-4e-4,-0.0163
2016-03-28,-0.005600000000000001,0.1173,5e-4,-0.0073
2016-03-29,-0.0171,0.0146,0.0088,-0.0128
2016-03-30,-0.0062,0.0051,0.0044,0.0277
2016-03-31,0.0078000000000000005,-0.0371,-0.002,0.0011
2016-04-01,0,0.0184,0.0063,0.0019
2016-04-05,0.006500000000000001,-0.0673,-0.0101,0.014499999999999999
2016-04-06,-0.0019,0.0346,0.0105,-8e-4
2016-04-07,-0.0027,-0.059500000000000004,-0.012,-0.0138
2016-04-08,-0.0058,-0.0405,0.0028000000000000004,-0.0078000000000000005
2016-04-11,0.0028000000000000004,-0.0091,-0.0027,0.016399999999999998
2016-04-12,0.0079,-0.1325,0.0097,-0.0034000000000000002
2016-04-13,-0.003,0.07440000000000001,0.01,0.014199999999999999
2016-04-14,0.0013,0.045700000000000005,2e-4,0.0051
2016-04-15,0.011000000000000001,-0.0165,-0.001,-0.0014000000000000002
2016-04-18,0.0034000000000000002,-0.0518,0.006500000000000001,-0.0144
2016-04-19,0.0169,-0.028999999999999998,0.0031,0.003
2016-04-20,0.0143,-0.0115,8e-4,-0.0231
2016-04-21,0.018500000000000003,-0.0581,-0.0052,-0.0066
2016-04-22,-0.009000000000000001,-0.0173,0,0.0022
2016-04-25,0.0091,-0.0691,-0.0018,-0.0042
2016-04-26,0.0092,-0.0053,0.0019,0.0060999999999999995
2016-04-27,-0.0408,0.04,0.0016,-0.0037
2016-04-28,0.0033,-0.0603,-0.0092,-0.0027
2016-04-29,0.014499999999999999,0.0259,-0.0051,-0.0025
2016-05-03,0.0137,-0.066,-0.0087,0.018500000000000003
2016-05-04,-0.009899999999999999,0.0128,-0.0059,-5e-4
2016-05-05,0.0051,0.0349,-2e-4,0.0022
2016-05-06,0.0256,-0.0449,0.0032,-0.0282
2016-05-09,0.005600000000000001,-0.0189,8e-4,-0.0279
2016-05-10,-0.0241,0.0064,0.0125,2e-4
2016-05-11,0.006999999999999999,0.054400000000000004,-0.0096,0.0016
2016-05-12,0.0043,0.0152,-2e-4,-4e-4
2016-05-13,0.0022,0.0558,-0.0085,-0.0031
2016-05-16,-0.0070999999999999995,0.11230000000000001,0.0098,0.0084
2016-05-17,-0.0036,0.08929999999999999,-0.009399999999999999,-0.0025
2016-05-18,0.0021,0.1051,2e-4,-0.0127
2016-05-19,-0.0255,0.09210000000000002,-0.0037,-2e-4
2016-05-20,-0.0012,-0.0542,0.006,0.0066
2016-05-23,0.009300000000000001,-0.0556,-0.0021,0.0064
2016-05-24,0.0055000000000000005,-0.051399999999999994,0.0137,-0.0077
2016-05-25,0.008199999999999999,-0.0189,0.006999999999999999,-0.0023
2016-05-26,0.0078000000000000005,-8e-4,-2e-4,0.0026
2016-05-27,0.0458,-0.109,0.0043,-5e-4
2016-05-31,-0.0063,0.1014,-0.001,0.0334
2016-06-01,0.016,-0.011399999999999999,0.0011,-0.0011
2016-06-02,-6e-4,-0.0036,0.0028000000000000004,0.004
2016-06-03,0.0557,0.0029,-0.0029,0.0046
2016-06-06,0.0151,0.005699999999999999,0.0049,-0.0016
2016-06-07,-0.0137,0.0335,0.0013,7.000000000000001e-4
2016-06-08,0.0086,-7.000000000000001e-4,0.0033,-0.003
2016-06-13,0.050300000000000004,0.1222,-0.008100000000000001,-0.0321
2016-06-14,-0.0213,0.0564,-0.0018,0.0032
2016-06-15,0.008199999999999999,-0.0149,-0.0018,0.0158
2016-06-16,0.102,0.122,0.0031,-0.005
2016-06-17,-0.0227,-0.2459,-0.0033,0.0043
2016-06-20,-0.0356,-0.0426,0.0058,0.0013
2016-06-21,-0.0907,0.0874,0.0027,-0.0034999999999999996
2016-06-22,-0.1151,0.024,-0.0017000000000000001,0.009399999999999999
2016-06-23,0.0513,0.0377,0.0134,-0.004699999999999999
2016-06-24,0.0581,0.0393,-0.0359,-0.013000000000000001
2016-06-27,0.0308,0.015300000000000001,-0.0181,0.014499999999999999
2016-06-28,4e-4,-0.1246,0.0178,0.0058
2016-06-29,-0.0129,0.045,0.017,0.006500000000000001
2016-06-30,0.0526,-0.021099999999999997,0.013600000000000001,-7.000000000000001e-4
2016-07-01,0.0068000000000000005,-0.012,0.0019,0.001
2016-07-05,-0.017,-0.0779,-0.0068000000000000005,0.006
2016-07-06,0.013600000000000001,0.0019,0.0054,0.0036
2016-07-07,-0.0557,-0.038900000000000004,-9e-4,-1e-4
2016-07-08,0.0433,0.11539999999999999,0.015300000000000001,-0.0095
2016-07-11,-6e-4,-0.04019999999999999,0.0034000000000000002,0.0023
2016-07-12,0.0369,0.0038,0.006999999999999999,0.0182
2016-07-13,-0.013999999999999999,-0.0076,1e-4,0.0037
2016-07-14,-0.0059,0.1079,0.0053,-0.0022
2016-07-15,0.0106,0.028399999999999998,-9e-4,1e-4
2016-07-18,-0.0088,-0.0178,0.0024,-0.0034999999999999996
2016-07-19,0.0011,0.0643,-0.0014000000000000002,-0.0023
2016-07-20,-0.01,0.0621,0.0043,-0.0029
2016-07-21,3e-4,0.005600000000000001,-0.0036,0.0037
2016-07-22,-0.0203,0.1689,0.0046,-0.0086
2016-07-25,-0.008,0.0909,-0.003,0.001
2016-07-26,6e-4,-0.1297,3e-4,0.011399999999999999
2016-07-27,2e-4,0.0849,-0.0012,-0.0191
2016-07-28,-6e-4,-0.0123,0.0016,8e-4
2016-07-29,0.002,0.0023,0.0016,-0.005
2016-08-01,-0.0239,-0.0658,-0.0013,-0.0087
2016-08-02,-0.1542,-0.083,-0.0064,0.0060999999999999995
2016-08-03,0.1032,0,0.0031,0.0024
2016-08-04,0.0173,0,2e-4,0.0013
2016-08-05,-0.0027,0,0.0086,-0.0019
2016-08-08,-0.0027,0,-9e-4,0.009300000000000001
2016-08-09,-0.0068000000000000005,0,4e-4,0.0070999999999999995
2016-08-10,0.0097,0.188,-0.0029,-0.0023
2016-08-11,-0.0052,-0.0356,0.004699999999999999,-0.0053
2016-08-12,-0.0012,0.0026,-8e-4,0.016
2016-08-15,-0.0037,-0.0063,0.0028000000000000004,0.024399999999999998
2016-08-16,0.023399999999999997,-0.0018,-0.0055000000000000005,-0.0049
2016-08-17,-0.013500000000000002,-0.0316,0.0019,-2e-4
2016-08-18,0.0018,-0.0028000000000000004,0.0022,-0.0017000000000000001
2016-08-19,0.002,-9e-4,-0.0014000000000000002,0.0013
2016-08-22,0.011699999999999999,9e-4,-6e-4,-0.0075
2016-08-23,-0.0067,-0.013500000000000002,0.002,0.0016
2016-08-24,-0.0067,-9e-4,-0.0052,-0.0012
2016-08-25,-0.0029,0.0373,-0.0014000000000000002,-0.005699999999999999
2016-08-26,0.0024,-0.0149,-0.0016,6e-4
2016-08-29,-0.0013,-9e-4,0.0052,-1e-4
2016-08-30,0.0054,0.0329,-0.002,0.0015
2016-08-31,-0.006,0.0301,-0.0024,0.0034999999999999996
2016-09-01,-0.0033,0.0507,-0,-0.0072
2016-09-02,0.0058,-0.0074,0.0042,0.0013
2016-09-06,0.0077,-0.0101,0.003,0.0060999999999999995
2016-09-07,0.0045000000000000005,-0.0077,-1e-4,4e-4
2016-09-08,0.0202,-0.0163,-0.0022,0.0013
2016-09-09,-0.0039000000000000003,0.020099999999999996,-0.0245,-0.0055000000000000005
2016-09-12,0.0039000000000000003,0.0274,0.0147,-0.018500000000000003
2016-09-13,0.001,8e-4,-0.0148,5e-4
2016-09-14,0.0015,-0.0058,-6e-4,-0.0068000000000000005
2016-09-19,-0.0014000000000000002,0.0471,-0,0.0077
2016-09-20,-0.001,0.1202,3e-4,-0.001
2016-09-21,-0.019799999999999998,-0.049100000000000005,0.0109,9e-4
2016-09-22,-0.0026,-0.0415,0.006500000000000001,0.0054
2016-09-23,0.012199999999999999,0.0144,-0.005699999999999999,-0.0028000000000000004
2016-09-26,0.0084,-0.0115,-0.0086,-0.0176
2016-09-27,-0.0018,0.013999999999999999,0.0064,0.006
2016-09-28,-0.0013,0.013000000000000001,0.0053,-0.0034000000000000002
2016-09-29,0,-0.0113,-0.009300000000000001,0.0036
2016-09-30,0.005699999999999999,0.015300000000000001,0.008,0.0021
2016-10-10,0.0025,-0.0233,0.0046,0.014499999999999999
2016-10-11,0.0375,0.0043,-0.0124,0.005600000000000001
2016-10-12,-0.006999999999999999,-0.0051,0.0011,-0.0022
2016-10-13,-6e-4,0.029900000000000003,-0.0031,9e-4
2016-10-14,0.0037,-0.0116,2e-4,8e-4
2016-10-17,-0.0043,0.0017000000000000001,-0.003,-0.0074
2016-10-18,-0.0032,0.045,0.0062,0.013999999999999999
2016-10-19,-0.009899999999999999,-0.043899999999999995,0.0022,3e-4
2016-10-20,-0.0011,0.0083,-0.0014000000000000002,-1e-4
2016-10-21,0.0034000000000000002,0.0058,-1e-4,0.0021
2016-10-24,-0.0039000000000000003,-0.0066,0.004699999999999999,0.0121
2016-10-25,8e-4,-0.0525,-0.0038,0.0012
2016-10-26,0.0364,0.0123,-0.0017000000000000001,-0.005
2016-10-27,0.0113,0.0060999999999999995,-0.003,-0.0013
2016-10-28,0.0058,-0.0363,-0.0031,-0.0026
2016-10-31,0.002,-0.028399999999999998,-1e-4,-0.0012
2016-11-01,0.04019999999999999,-0.0137,-0.0068000000000000005,0.0070999999999999995
2016-11-02,0.009300000000000001,0.0046,-0.006500000000000001,-0.0063
2016-11-03,-0.0663,0,-0.0044,0.0084
2016-11-04,0.025099999999999997,0.0322,-0.0017000000000000001,-0.0012
2016-11-07,-0.0064,-0.0027,0.0222,0.0026
2016-11-08,0.0078000000000000005,0.0037,0.0038,0.0046
2016-11-09,0.0148,-0.0183,0.0111,-0.0062
2016-11-10,-0.0095,-0.0168,0.002,0.0137
2016-11-11,6e-4,-0.0256,-0.0014000000000000002,0.0078000000000000005
2016-11-14,0.0037,-0.0079,-1e-4,0.0045000000000000005
2016-11-15,0.009300000000000001,0.027000000000000003,0.0075,-0.0011
2016-11-16,0.040999999999999995,-0.024300000000000002,-0.0016,-6e-4
2016-11-17,-0.0037,-0.003,0.004699999999999999,0.0011
2016-11-18,0.0128,-0.047,-0.0024,-0.0049
2016-11-21,0.0105,0.0042,0.0075,0.0079
2016-11-22,0.0179,0.0239,0.0022,0.009399999999999999
2016-11-23,-0.011000000000000001,-0.0152,8e-4,-0.0022
2016-11-25,0.0069,0.0196,0.0039000000000000003,0.0062
2016-11-28,0.0053,-0.0203,-0.0053,0.0046
2016-11-29,-0.001,-0.0621,0.0013,0.0018
2016-11-30,0.013600000000000001,0.0564,-0.0027,-0.01
2016-12-01,0.0137,-0.018600000000000002,-0.0034999999999999996,0.0072
2016-12-02,0.024300000000000002,-0.0898,4e-4,-0.009000000000000001
2016-12-05,-0.015700000000000002,-0.11259999999999999,0.0058,-0.0121
2016-12-06,0.0051,0.1507,0.0034000000000000002,-0.0016
2016-12-07,0.0097,0.08039999999999999,0.0132,0.0070999999999999995
2016-12-08,0.0038,-0.0036,0.0022,-0.0021
2016-12-09,0.0026,0.0265,0.0059,0.0054
2016-12-12,0.0138,0.0317,-0.0011,-0.024700000000000003
2016-12-13,3e-4,-0.010700000000000001,0.006500000000000001,7.000000000000001e-4
2016-12-14,-0.0029,-0.0179,-0.008100000000000001,-0.0046
2016-12-15,-0.0017000000000000001,-0.0463,0.0039000000000000003,-0.0073
2016-12-16,0.0088,0.0038,-0.0018,0.0017000000000000001
2016-12-19,0.001,-0.0441,0.002,-0.0016
2016-12-20,0.0118,0.004,0.0036,-0.0049
2016-12-21,0.0377,0.0368,-0.0025,0.0111
2016-12-22,0.0373,-0.0355,-0.0019,7.000000000000001e-4
2016-12-23,0.0663,-0.0591,0.0013,-0.009399999999999999
2016-12-27,0.0305,-0.0206,0.0022,-0.0025
2016-12-28,0.0501,0.0646,-0.0084,-0.004
2016-12-29,-0.0011,0.091,-3e-4,-0.002
2016-12-30,-0.0124,-0.013300000000000001,-0.0046,0.0024
2017-01-03,0.016,0.1637,0.0085,0.0104
2017-01-04,0.09880000000000001,0.1294,0.005699999999999999,0.0073
2017-01-05,-0.1286,-0.07730000000000001,-8e-4,0.0021
2017-01-06,-0.1043,-0.0069,0.0034999999999999996,-0.0034999999999999996
2017-01-09,-0.0012,-0.0019,-0.0034999999999999996,0.0054
2017-01-10,0.0051,0.0341,0,-0.003
2017-01-11,-0.1315,-0.07730000000000001,0.0028000000000000004,-0.0079
2017-01-12,0.031400000000000004,0.0040999999999999995,-0.0021,-0.005600000000000001
2017-01-13,0.0182,-0.0163,0.0018,-0.0021
2017-01-17,0.0874,0.053099999999999994,-0.003,0.0017000000000000001
2017-01-18,-0.030699999999999998,0.0069,0.0018,0.0014000000000000002
2017-01-19,0.026600000000000002,0.018600000000000002,-0.0036,-0.0038
2017-01-20,-0.0026,0.0231,0.0034000000000000002,0.006999999999999999
2017-01-23,0.0029,0.012199999999999999,-0.0027,0.0044
2017-01-24,-0.0301,-0.025099999999999997,0.0066,0.0018
2017-01-25,7.000000000000001e-4,-0.0019,0.008,0.0022
2017-01-26,0.0236,0.0143,-7.000000000000001e-4,0.0031
2017-02-03,0.009000000000000001,0.012,0.0073,-0.006
2017-02-06,0.0084,0.0125,-0.0021,0.0054
2017-02-07,0.024300000000000002,0.008,2e-4,-0.0012
2017-02-08,0.005600000000000001,-0.0053,7.000000000000001e-4,0.0044
2017-02-09,-0.0725,-0.039599999999999996,0.0058,0.0051
2017-02-10,0.0191,0.036699999999999997,0.0036,0.0042
2017-02-13,-0.0012,0.008,0.0052,0.0063
2017-02-14,0.013000000000000001,0.1419,0.004,3e-4
2017-02-15,-1e-4,-0.0031,0.005,-0.0015
2017-02-16,0.0235,0,-9e-4,0.0052
2017-02-17,0.0169,-0.0124,0.0017000000000000001,-0.0085
2017-02-21,0.0385,0.0339,0.006,0.0040999999999999995
2017-02-22,0.0013,-0.0109,-0.0011,0.0024
2017-02-23,0.045899999999999996,0.04650000000000001,4e-4,-0.003
2017-02-24,0.0039000000000000003,-0.0121,0.0015,6e-4
2017-02-27,0.0147,0.0638,0.001,-0.0076
2017-02-28,4e-4,0.0232,-0.0026,0.004
2017-03-01,0.0281,0.099,0.0137,0.0016
2017-03-02,0.0268,0.09119999999999999,-0.0059,-0.0052
2017-03-03,0.0222,0.024700000000000003,5e-4,-0.0036
2017-03-06,0.0046,0.0083,-0.0033,0.0048
2017-03-07,-0.0347,-0.0323,-0.0029,0.0026
2017-03-08,-0.0695,-0.1255,-0.0023,-5e-4
2017-03-09,0.0387,0.0751,8e-4,-0.0074
2017-03-10,-0.0663,0.0806,0.0033,-0.0012
2017-03-13,0.010700000000000001,0.2241,4e-4,0.0076
2017-03-14,0.004,0.0092,-0.0034000000000000002,7.000000000000001e-4
2017-03-15,0.0083,0.21420000000000003,0.0084,8e-4
2017-03-16,-0.0643,0.29510000000000003,-0.0016,0.0084
2017-03-17,-0.0863,-0.009300000000000001,-0.0013,-0.0096
2017-03-20,0.024399999999999998,-0.025699999999999997,-0.002,0.0040999999999999995
2017-03-21,0.0704,0.009300000000000001,-0.0124,0.0033
2017-03-22,-0.0683,-0.0233,0.0019,-0.005
2017-03-23,-0.009300000000000001,0.0405,-0.0011,0.001
2017-03-24,-0.09210000000000002,0.252,-8e-4,0.0064
2017-03-27,0.0781,-0.030299999999999997,-0.001,-8e-4
2017-03-28,-7.000000000000001e-4,0.025099999999999997,0.0073,-0.0043
2017-03-29,-0.0024,0.0542,0.0011,-0.0036
2017-03-30,-0.0038,-0.023799999999999998,0.0029,-0.0096
2017-03-31,0.0397,-0.0368,-0.0023,0.0038
2017-04-05,-0.0104,0.0212,-0.0031,0.0148
2017-04-06,0.0521,-0.049400000000000006,0.0019,0.0033
2017-04-07,0.0015,-0.0199,-8e-4,0.0017000000000000001
2017-04-10,0.002,0.0052,7.000000000000001e-4,-0.0052
2017-04-11,0.0116,9e-4,-0.0014000000000000002,0.006
2017-04-12,-0.0067,0.059699999999999996,-0.0038,-0.0046
2017-04-13,-0.03,0.08109999999999999,-0.0068000000000000005,7.000000000000001e-4
2017-04-17,0.0146,-0.0012,0.0086,-0.0074
2017-04-18,0.0101,0.058600000000000006,-0.0029,-0.0079
2017-04-19,0.0076,-0.0527,-0.0017000000000000001,-0.008100000000000001
2017-04-20,0.018799999999999997,0.0463,0.0076,4e-4
2017-04-21,0.009300000000000001,-0.011399999999999999,-0.003,3e-4
2017-04-24,-8e-4,0.0039000000000000003,0.0108,-0.0137
2017-04-25,0.0129,0.0067,0.0060999999999999995,0.0016
2017-04-26,0.0177,0.0633,-5e-4,0.002
2017-04-27,0.036000000000000004,0.1865,6e-4,0.0036
2017-04-28,-0.0025,0.1176,-0.0019,8e-4
2017-05-02,0.0213,0.0075,0.0012,-0.0034999999999999996
2017-05-03,0.0274,0.0461,-0.0013,-0.0027
2017-05-04,0.021,0.1563,6e-4,-0.0025
2017-05-05,-0.0059,-0.0776,0.0040999999999999995,-0.0078000000000000005
2017-05-08,0.0708,-0.0556,0,-0.0079
2017-05-09,0.019799999999999998,-3e-4,-0.001,6e-4
2017-05-10,0.0323,-0.0069,0.0011,-0.009000000000000001
2017-05-11,0.0382,0.011899999999999999,-0.0022,0.0029
2017-05-12,-0.0731,-0.026699999999999998,-0.0015,0.0072
2017-05-15,-0.0359,0.0242,0.0048,0.0022
2017-05-16,0.011899999999999999,-0.047400000000000005,-7.000000000000001e-4,0.0074
2017-05-17,0.0416,0.017,-0.0182,-0.0027
2017-05-18,0.044199999999999996,0.09960000000000001,0.0037,-0.0046
2017-05-19,0.0431,0.26170000000000004,0.0068000000000000005,2e-4
2017-05-22,0.0392,0.0601,0.0052,-0.0048
2017-05-23,0.0697,0.086,0.0018,-0.0045000000000000005
2017-05-24,0.076,0.09300000000000001,0.0025,7.000000000000001e-4
2017-05-25,-0.0565,-0.0825,0.0044,0.0143
2017-05-26,-0.027000000000000003,-0.0943,3e-4,7.000000000000001e-4
2017-05-31,0.050499999999999996,-0.028300000000000002,-5e-4,0.0023
2017-06-01,0.0475,-0.0318,0.0076,-0.004699999999999999
2017-06-02,0.0331,0.0159,0.0037,9e-4
2017-06-05,0.0717,0.0046,-0.0012,-0.0045000000000000005
2017-06-06,0.061200000000000004,0.0815,-0.0028000000000000004,0.0034000000000000002
2017-06-07,-0.062400000000000004,-0.042699999999999995,0.0016,0.0123
2017-06-08,0.039900000000000005,0.024900000000000002,3e-4,0.0032
2017-06-09,0.0045000000000000005,0.08349999999999999,-8e-4,0.0026
2017-06-12,-0.1065,0.15039999999999998,-0.001,-0.0059
2017-06-13,0.0212,-0.0109,0.0045000000000000005,0.0044
2017-06-14,-0.0906,-0.1222,-0.001,-0.0073
2017-06-15,-0.0101,0.008199999999999999,-0.0022,6e-4
2017-06-16,0.0271,0.0288,3e-4,-0.003
2017-06-19,0.0304,0.019,0.0083,0.0068000000000000005
2017-06-20,0.0526,-0.0319,-0.0067,-0.0014000000000000002
2017-06-21,-0.0279,-0.0653,-6e-4,0.0052
2017-06-22,0.0169,-0.0022,-5e-4,-0.0028000000000000004
2017-06-23,-0.0046,0.010700000000000001,0.0016,0.0033
2017-06-26,-0.037599999999999995,-0.0928,3e-4,0.0087
2017-06-27,0.056299999999999996,0.11019999999999999,-0.008100000000000001,0.0018
2017-06-28,-0.0023,0.11689999999999999,0.0088,-0.005600000000000001
2017-06-29,-0.0075,-0.08449999999999999,-0.0086,0.004699999999999999
2017-06-30,-0.0304,-0.0339,0.0015,0.0014000000000000002
2017-07-03,0.014199999999999999,-0.0131,0.0023,0.0011
2017-07-05,0.004,-0.0072,0.0015,0.0076
2017-07-06,-0.0052,0.0022,-0.009399999999999999,0.0017000000000000001
2017-07-07,-0.0384,-0.1016,0.0064,0.0017000000000000001
2017-07-10,-0.0667,-0.14029999999999998,9e-4,-0.0017000000000000001
2017-07-11,-0.0084,-0.0662,-8e-4,-0.003
2017-07-12,0.0339,0.18710000000000002,0.0073,-0.0017000000000000001
2017-07-13,-0.0169,-0.08449999999999999,0.0019,0.0064
2017-07-14,-0.054299999999999994,-0.0415,0.004699999999999999,0.0013
2017-07-17,0.1668,0.20809999999999998,-1e-4,-0.0143
2017-07-18,0.038900000000000004,0.19140000000000001,6e-4,0.0034999999999999996
2017-07-19,-0.016200000000000003,-0.1409,0.0054,0.013600000000000001
2017-07-20,0.2556,0.1678,-2e-4,0.0043
2017-07-21,-0.0666,-0.0492,-4e-4,-0.0021
2017-07-24,0.0025,-0.0068000000000000005,-0.0011,0.0039000000000000003
2017-07-25,-0.0654,-0.1054,0.0029,-0.0021
2017-07-26,-0.009000000000000001,0.0031,3e-4,0.0012
2017-07-27,0.0518,-0.0039000000000000003,-0.001,6e-4
2017-07-28,0.042699999999999995,-0.055999999999999994,-0.0013,0.0011
2017-07-31,0.042199999999999994,0.0282,-7.000000000000001e-4,0.0060999999999999995
2017-08-01,-0.0473,0.1253,0.0024,0.006
2017-08-02,-0.0096,-0.0353,5e-4,-0.0023
2017-08-03,0.0329,0.0311,-0.0022,-0.0037
2017-08-04,0.024399999999999998,-0.0181,0.0019,-0.0033
2017-08-07,0.0526,0.019799999999999998,0.0016,0.0053
2017-08-08,0.008100000000000001,0.0977,-0.0024,7.000000000000001e-4
2017-08-09,-0.0235,-0.0062,-4e-4,-0.0019
2017-08-10,0.023,0.0067,-0.014499999999999999,-0.0042
2017-08-11,0.0668,0.0434,0.0013,-0.0163
2017-08-14,0.0653,0.0053,0.01,0.009000000000000001
2017-08-15,-0.0384,-0.040999999999999995,-5e-4,0.0043
2017-08-16,0.0542,0.0536,0.0014000000000000002,-0.0015
2017-08-17,-0.024700000000000003,-0.0078000000000000005,-0.0154,0.0068000000000000005
2017-08-18,-0.0406,-0.023399999999999997,-0.0018,1e-4
2017-08-21,-0.0151,0.08,0.0012,0.005600000000000001
2017-08-22,0.021099999999999997,-0.0301,0.009899999999999999,0.001
2017-08-23,0.0126,0.0127,-0.0034999999999999996,-8e-4
2017-08-24,0.042800000000000005,0.0288,-0.0021,-0.0049
2017-08-25,0.010700000000000001,0.0095,0.0017000000000000001,0.0183
2017-08-28,0.0103,-0.0026,5e-4,0.009300000000000001
2017-08-29,0.0471,0.0718,8e-4,8e-4
2017-08-30,-0.0031,0.028999999999999998,0.0046,-5e-4
2017-08-31,0.0332,0.0118,0.005699999999999999,-8e-4
2017-09-01,0.0394,0.0079,0.002,0.0019
2017-09-05,0.0332,0.0689,-0.0076,0.0014000000000000002
2017-09-06,0.0475,0.067,0.0031,3e-4
2017-09-07,0.0037,-0.0097,-2e-4,-0.0059
2017-09-08,-0.0667,-0.0901,-0.0015,-1e-4
2017-09-11,-0.0066,-0.0024,0.0108,0.0033
2017-09-12,-0.013999999999999999,-0.0111,0.0034000000000000002,9e-4
2017-09-13,-0.0694,-0.06269999999999999,8e-4,0.0014000000000000002
2017-09-14,-0.16210000000000002,-0.1923,-0.0011,-0.0038
2017-09-15,0.1451,0.16260000000000002,0.0018,-0.0053
2017-09-18,0.11130000000000001,0.1549,0.0015,0.0028000000000000004
2017-09-19,-0.046900000000000004,-0.0478,0.0011,-0.0018
2017-09-20,-0.0066,0.0031,6e-4,0.0027
2017-09-21,-0.0682,-0.0946,-0.003,-0.0024
2017-09-22,-0.0045000000000000005,0.0215,6e-4,-0.0016
2017-09-25,0.0723,0.046799999999999994,-0.0022,-0.0033
2017-09-26,-0.0102,-0.020099999999999996,1e-4,6e-4
2017-09-27,0.0821,0.0708,0.0040999999999999995,5e-4
2017-09-28,-0.0039000000000000003,-0.023,0.0012,-0.0017000000000000001
2017-09-29,-0.0054,-0.0329,0.0037,0.0028000000000000004
2017-10-09,0.0359,-0.0401,-0.0018,0.0076
2017-10-10,-0.003,0.006500000000000001,0.0023,0.0026
2017-10-11,0.0128,0.013000000000000001,0.0018,0.0016
2017-10-12,0.1261,-5e-4,-0.0017000000000000001,-6e-4
2017-10-13,0.0377,0.11349999999999999,9e-4,0.0013
2017-10-16,0.0125,-0.008199999999999999,0.0018,-0.0036
2017-10-17,-0.0279,-0.0562,7.000000000000001e-4,-0.0019
2017-10-18,-0.0040999999999999995,-0.006999999999999999,7.000000000000001e-4,0.0029
2017-10-19,0.022000000000000002,-0.0207,3e-4,-0.0034000000000000002
2017-10-20,0.051699999999999996,-0.014199999999999999,0.0051,0.0025
2017-10-23,-0.0132,-0.0296,-0.004,6e-4
2017-10-24,-0.0662,0.04019999999999999,0.0016,0.0022
2017-10-25,0.0401,-0.0028000000000000004,-0.004699999999999999,0.0026
2017-10-26,0.0268,-0.0012,0.0013,0.0031
2017-10-27,-0.0209,0.003,0.008100000000000001,0.0027
2017-10-30,-0.0038,0.0086,-0.0032,-0.0077
2017-10-31,0.053399999999999996,-0.0108,9e-4,9e-4
2017-11-01,0.0444,-0.049699999999999994,0.0016,8e-4
2017-11-02,0.0426,-0.0129,2e-4,-0.0037
2017-11-03,0.0181,0.0652,0.0031,-0.0034000000000000002
2017-11-06,-0.0582,0.0043,0.0013,0.0049
2017-11-07,0.0206,-0.018500000000000003,-2e-4,0.0075
2017-11-08,0.0481,0.0552,0.0014000000000000002,6e-4
2017-11-09,-0.042300000000000004,0.0391,-0.0038,0.0036
2017-11-10,-0.0791,-0.073,-9e-4,0.0014000000000000002
2017-11-13,0.1096,0.030699999999999998,0.001,0.0044
2017-11-14,0.011399999999999999,0.0672,-0.0023,-0.0053
2017-11-15,0.10400000000000001,-0.011000000000000001,-0.0055000000000000005,-0.0079
2017-11-16,0.0783,5e-4,0.008199999999999999,-0.001
2017-11-17,-0.0196,7.000000000000001e-4,-0.0026,-0.0048
2017-11-20,0.025099999999999997,0.0373,0.0013,0.0028000000000000004
2017-11-21,-0.0176,-0.0216,0.006500000000000001,0.0053
2017-11-22,0.0166,0.056900000000000006,-8e-4,0.0059
2017-11-24,0.023399999999999997,0.1612,0.0021,6e-4
2017-11-27,0.044500000000000005,0.0203,-4e-4,-0.009399999999999999
2017-11-28,0.0178,-0.0166,0.0098,0.0034000000000000002
2017-11-29,-0.0069,-0.0971,-4e-4,0.0013
2017-11-30,0.0111,0.0282,0.008199999999999999,-0.0062
2017-12-01,0.092,0.0658,-0.002,1e-4
2017-12-04,0.0336,0.012,-0.0011,-0.0024
2017-12-05,0.0037,-0.0282,-0.0037,-0.0018
2017-12-06,0.17850000000000002,-0.08439999999999999,-1e-4,-0.0029
2017-12-07,0.2255,0.0032,0.0029,-0.0067
2017-12-08,-0.047599999999999996,0.0655,0.0055000000000000005,0.0055000000000000005
2017-12-11,0.11109999999999999,0.2004,0.0032,0.0098
2017-12-12,0.021,0.2322,0.0015,-0.0125
2017-12-13,-0.0467,0.08789999999999999,-5e-4,0.0068000000000000005
2017-12-14,0.0111,-0.0060999999999999995,-0.0040999999999999995,-0.0032
2017-12-15,0.069,-0.012,0.009000000000000001,-0.008
2017-12-18,-0.0049,0.1061,0.0054,5e-4
2017-12-19,-0.0764,0.0204,-0.0032,0.0088
2017-12-20,-0.060599999999999994,-0.0062,-8e-4,-0.0027
2017-12-21,-0.0504,-0.0101,0.002,0.0038
2017-12-22,-0.1258,-0.2018,-5e-4,-9e-4
2017-12-26,0.139,0.056299999999999996,-0.0011,0.0078000000000000005
2017-12-27,-0.0216,-0.0178,8e-4,-0.0092
2017-12-28,-0.066,-0.034,0.0018,0.0063
2017-12-29,-4e-4,0.028300000000000002,-0.0052,0.0033
2018-01-02,0.0974,0.1413,0.0083,0.0124
2018-01-03,0.0273,0.0969,0.0064,0.0062
2018-01-04,0.0015,-0.0021,0.004,0.0049
2018-01-05,0.11689999999999999,0.0242,0.006999999999999999,0.0018
2018-01-08,-0.0771,0.0121,0.0017000000000000001,0.0052
2018-01-09,-0.0132,0.1367,0.0013,0.0013
2018-01-10,0.0179,-0.0278,-0.0011,0.0023
2018-01-11,-0.1002,-0.0901,0.006999999999999999,0.001
2018-01-12,0.026000000000000002,0.1072,0.0067,0.0011
2018-01-16,-0.1705,-0.1989,-0.0034999999999999996,0.0077
2018-01-17,-0.0149,-0.0025,0.009399999999999999,0.0024
2018-01-18,0.004699999999999999,-0.0223,-0.0016,0.0087
2018-01-19,0.0298,0.038,0.0044,0.0038
2018-01-22,-0.063,-0.0496,0.008100000000000001,0.0039000000000000003
2018-01-23,0.0034999999999999996,-0.012199999999999999,0.0022,0.0129
2018-01-24,0.0504,0.0816,-6e-4,0.0037
2018-01-25,-0.0218,-0.0141,6e-4,-0.0031
2018-01-26,-0.0076,-0.0011,0.0118,0.0028000000000000004
2018-01-29,-0.0467,-0.0574,-0.0067,-0.009899999999999999
2018-01-30,-0.0959,-0.0877,-0.0109,-0.009899999999999999
2018-01-31,0.0098,0.0431,5e-4,-0.0021
2018-02-01,-0.1056,-0.0756,-6e-4,-0.0097
2018-02-02,-0.031400000000000004,-0.109,-0.0212,0.0044
2018-02-05,-0.1561,-0.1598,-0.040999999999999995,0.0073
2018-02-06,0.1099,0.12480000000000001,0.0174,-0.0335
2018-02-07,-0.0138,-0.0391,-0.005,-0.0182
2018-02-08,0.075,0.0693,-0.0375,-0.0143
2018-02-09,0.06559999999999999,0.09,0.0149,-0.0405
2018-02-12,0.1017,0.0681,0.0139,0.0078000000000000005
2018-02-13,-0.0409,-0.027999999999999997,0.0026,0.0098
2018-02-14,0.1097,0.09300000000000001,0.0134,0.0045000000000000005
2018-02-22,-0.0603,-0.042199999999999994,0.001,0.0217
2018-02-23,0.0334,0.0659,0.016,0.0063
2018-02-26,0.073,0.0311,0.0118,0.0123
2018-02-27,0.0301,0.0051,-0.0127,-0.0113
2018-02-28,-0.0246,-0.0217,-0.0111,-0.009899999999999999
2018-03-01,0.0552,0.0206,-0.013300000000000001,0.0044
2018-03-02,-0.006999999999999999,-0.016,0.0051,-0.0059
2018-03-05,-0.0075,-0.0177,0.011000000000000001,7.000000000000001e-4
2018-03-06,-0.057800000000000004,-0.0416,0.0026,0.01
2018-03-07,-0.0723,-0.0796,-5e-4,-0.0055000000000000005
2018-03-08,-0.060899999999999996,-0.068,0.0045000000000000005,0.0051
2018-03-09,-0.0089,0.0385,0.0174,0.005699999999999999
2018-03-12,-0.0412,-0.032,-0.0013,0.0059
2018-03-13,0.0019,-0.010700000000000001,-0.0064,-0.0049
2018-03-14,-0.1032,-0.1124,-0.005699999999999999,-0.005699999999999999
2018-03-15,0.0066,-0.0032,-8e-4,-1e-4
2018-03-16,0.003,-0.015300000000000001,0.0017000000000000001,-0.006500000000000001
2018-03-19,0.0507,0.0362,-0.014199999999999999,0.0029
2018-03-20,0.034300000000000004,0.0017000000000000001,0.0015,0.0034999999999999996
2018-03-21,-8e-4,0.005699999999999999,-0.0018,-0.0029
2018-03-22,-0.0202,-0.0363,-0.0252,-0.0053
2018-03-23,0.0218,0.0066,-0.021,-0.0339
2018-03-26,-0.038900000000000004,-0.0717,0.027200000000000002,-0.006
2018-03-27,-0.042,-0.07719999999999999,-0.0173,0.0105
2018-03-28,0.0196,-0.0037,-0.0029,-0.013999999999999999
2018-03-29,-0.1038,-0.14029999999999998,0.0138,0.012199999999999999
2018-04-02,0.0356,0.0167,-0.0223,-0.0018
2018-04-03,0.050300000000000004,0.07919999999999999,0.0126,-0.0084
2018-04-04,-0.08289999999999999,-0.08869999999999999,0.0116,-0.0018
2018-04-09,-0.0354,-0.0040999999999999995,0.0033,0.0023
2018-04-10,0.0108,0.041100000000000005,0.0167,0.0166
2018-04-11,0.015600000000000001,0.0354,-0.0055000000000000005,0.005600000000000001
2018-04-12,0.13849999999999998,0.1485,0.0083,-0.0087
2018-04-13,-0.0049,-0.0011,-0.0029,-0.0066
2018-04-16,-0.0351,-0.0414,0.008100000000000001,-0.015300000000000001
2018-04-17,-0.02,-0.0169,0.010700000000000001,-0.0141
2018-04-18,0.0341,0.0447,8e-4,0.008
2018-04-19,0.0137,0.0796,-0.005699999999999999,0.0084
2018-04-20,0.0695,0.0873,-0.0085,-0.0147
2018-04-23,0.0166,0.0352,1e-4,-0.0011
2018-04-24,0.07730000000000001,0.09140000000000001,-0.0134,0.0199
2018-04-25,-0.0801,-0.12179999999999999,0.0018,-0.0034999999999999996
2018-04-26,0.0467,0.0729,0.0104,-0.0138
2018-04-27,-0.0373,-0.0278,0.0011,0.0023
2018-05-02,0.018500000000000003,0.0252,-0.0072,-3e-4
2018-05-03,0.0548,0.1319,-0.0023,0.0064
2018-05-04,-0.0042,0.008,0.0128,-0.0032
2018-05-07,-0.0233,-0.049400000000000006,0.0034999999999999996,0.0148
2018-05-08,-0.024900000000000002,-0.0074,-3e-4,0.0079
2018-05-09,0.013300000000000001,0.0042,0.0097,-7.000000000000001e-4
2018-05-10,-0.0315,-0.0362,0.009399999999999999,0.0048
2018-05-11,-0.0684,-0.0665,0.0017000000000000001,-0.0034999999999999996
2018-05-14,-0.0022,-0.0032,9e-4,0.0034000000000000002
2018-05-15,-0.0227,-0.029300000000000003,-0.0068000000000000005,0.005699999999999999
2018-05-16,-0.015600000000000001,0.0011,0.0040999999999999995,-0.0070999999999999995
2018-05-17,-0.0337,-0.053200000000000004,-9e-4,-0.0048
2018-05-18,0.0227,0.0363,-0.0026,0.0124
2018-05-21,-0.0147,-0.0268,0.0074,0.0064
2018-05-22,-0.0473,-0.0785,-0.0031,2e-4
2018-05-23,-0.0617,-0.10060000000000001,0.0032,-0.0141
2018-05-24,0.010700000000000001,0.0431,-0.002,-0.0045000000000000005
2018-05-25,-0.0152,-0.028300000000000002,-0.0024,-0.0042
2018-05-29,0.0489,0.10640000000000001,-0.0116,-0.004699999999999999
2018-05-30,-0.0091,-0.015600000000000001,0.0127,-0.0253
2018-05-31,0.0139,0.0356,-0.0069,0.0178
2018-06-01,0.0038,0.0025,0.0108,-0.0066
2018-06-04,-0.0291,-0.0446,0.0045000000000000005,0.0052
2018-06-05,0.0169,0.0294,7.000000000000001e-4,0.0074
2018-06-06,0.0039000000000000003,-0.004,0.0086,3e-4
2018-06-07,0.0048,-0.0028000000000000004,-7.000000000000001e-4,-0.0018
2018-06-08,-0.0098,-0.0083,0.0031,-0.013600000000000001
2018-06-11,0.016399999999999998,0.0129,0.0011,-0.004699999999999999
2018-06-12,-0.047599999999999996,-0.0695,0.0017000000000000001,0.0089
2018-06-13,-0.0375,-0.037000000000000005,-0.004,-0.0097
2018-06-14,0.053,0.091,0.0025,-0.0018
2018-06-15,-0.0356,-0.060899999999999996,-0.001,-0.0073
2018-06-19,0.0049,0.0392,-0.004,-0.0378
2018-06-20,0.0019,-0.0036,0.0017000000000000001,0.0027
2018-06-21,-0.0055000000000000005,-0.0192,-0.0063,-0.0137
2018-06-22,-0.0999,-0.1206,0.0019,0.0049
2018-06-25,0.0166,0.0087,-0.0137,-0.0105
2018-06-26,-0.0279,-0.062,0.0022,-0.0052
2018-06-27,0.012,0.0275,-0.0086,-0.011000000000000001
2018-06-28,-0.0441,-0.0473,0.0062,-0.009300000000000001
2018-06-29,0.056100000000000004,0.0335,8e-4,0.0217
2018-07-02,0.0397,0.051100000000000007,0.0031,-0.0252
2018-07-03,-0.016,-0.028999999999999998,-0.0049,0.0040999999999999995
2018-07-05,-0.0079,0.002,0.0086,-0.0092
2018-07-06,0.0109,0.003,0.0085,0.0049
2018-07-09,-0.0070999999999999995,-0.030699999999999998,0.0088,0.024700000000000003
2018-07-10,-0.054000000000000006,-0.0824,0.0034999999999999996,0.0044
2018-07-11,0.013000000000000001,0.0308,-0.0070999999999999995,-0.0176
2018-07-12,-0.0217,-0.034,0.0087,0.0216
2018-07-13,-0.0033,0.004699999999999999,0.0011,-0.0023
2018-07-16,0.057699999999999994,0.0643,-0.001,-0.0060999999999999995
2018-07-17,0.08800000000000001,0.0418,0.004,-0.005699999999999999
2018-07-18,0.0084,-0.0397,0.0022,-0.0039000000000000003
2018-07-19,0.0127,-0.0219,-0.004,-0.0053
2018-07-20,-0.018500000000000003,-0.042800000000000005,-9e-4,0.020499999999999997
2018-07-23,0.04190000000000001,-0.0184,0.0018,0.010700000000000001
2018-07-24,0.0886,0.06509999999999999,0.0048,0.0161
2018-07-25,-0.0278,-0.016399999999999998,0.0091,-7.000000000000001e-4
2018-07-26,-0.028999999999999998,-0.0197,-0.003,-0.0074
2018-07-27,0.0315,0.016200000000000003,-0.0066,-0.003
2018-07-30,-0.004699999999999999,-0.0209,-0.0058,-0.0016
2018-07-31,-0.0548,-0.055099999999999996,0.0049,0.0026
2018-08-01,-0.0159,-0.026000000000000002,-0.001,-0.018000000000000002
2018-08-02,-0.009300000000000001,-0.022099999999999998,0.0049,-0.02
2018-08-03,-0.0155,0.016,0.0046,-0.01
2018-08-06,-0.011899999999999999,-0.0084,0.0034999999999999996,-0.0129
2018-08-07,-0.0315,-0.067,0.0028000000000000004,0.0274
2018-08-08,-0.06559999999999999,-0.0603,-3e-4,-0.0127
2018-08-09,0.0406,0.0222,-0.0014000000000000002,0.0183
2018-08-10,-0.0591,-0.0868,-0.0070999999999999995,3e-4
2018-08-13,-0.0091,-0.1074,-0.004,-0.0034000000000000002
2018-08-14,-0.0104,-0.020499999999999997,0.0064,-0.0018
2018-08-15,0.0108,0.0106,-0.0076,-0.0207
2018-08-16,0.008,0.020099999999999996,0.0079,-0.0066
2018-08-17,0.0436,0.1051,0.0033,-0.0134
2018-08-20,-0.0329,-0.0944,0.0024,0.0111
2018-08-21,0.0341,0.0362,0.0021,0.0131
2018-08-22,-0.0189,-0.0394,-4e-4,-0.006999999999999999
2018-08-23,0.0254,0.0233,-0.0017000000000000001,0.0037
2018-08-24,0.024399999999999998,0.0187,0.0062,0.0018
2018-08-27,0.0275,0.0441,0.0077,0.0189
2018-08-28,0.025699999999999997,0.0316,3e-4,-0.001
2018-08-29,-0.0064,-0.024399999999999998,0.005699999999999999,-0.0031
2018-08-30,-0.005,-0.0154,-0.0044,-0.011399999999999999
2018-08-31,0.005699999999999999,-0.0072,1e-4,-0.0046
2018-09-04,0.015600000000000001,-0.0129,-0.0017000000000000001,0.011000000000000001
2018-09-05,-0.0909,-0.1978,-0.0028000000000000004,-0.0168
2018-09-06,-0.0287,0.0037,-0.0037,-0.004699999999999999
2018-09-07,-0.0189,-0.061,-0.0022,0.004
2018-09-10,0.0132,0.0063,0.0019,-0.0121
2018-09-11,-0.0043,-0.0608,0.0037,-0.0018
2018-09-12,0.006999999999999999,-0.0113,4e-4,-0.0033
2018-09-13,0.0229,0.15310000000000001,0.0053,0.0115
2018-09-14,1e-4,-0.0048,3e-4,-0.0018
2018-09-17,-0.0382,-0.10880000000000001,-0.005600000000000001,-0.0111
2018-09-18,0.0144,0.0652,0.0054,0.0182
2018-09-19,0.0076,0.0034000000000000002,0.0013,0.011399999999999999
2018-09-20,0.0155,0.07,0.0078000000000000005,-6e-4
2018-09-21,0.042800000000000005,0.1047,-4e-4,0.025
2018-09-25,-0.021099999999999997,-0.0393,-0.0013,-0.0058
2018-09-26,0.0036,-0.021400000000000002,-0.0033,0.0092
2018-09-27,0.0342,0.0691,0.0028000000000000004,-0.0054
2018-09-28,-0.0079,-0.0322,-0,0.0106
2018-10-08,0.0089,0.0165,-4e-4,-0.037200000000000004
2018-10-09,-0.0028000000000000004,-0.0069,-0.0014000000000000002,0.0017000000000000001
2018-10-10,-0.0049,-0.0085,-0.0329,0.0018
2018-10-11,-0.0572,-0.1565,-0.0206,-0.052199999999999996
2018-10-12,0.0084,0.0304,0.014199999999999999,0.0091
2018-10-15,0.059000000000000004,0.0872,-0.0059,-0.0149
2018-10-16,8e-4,0.0037,0.0215,-0.0085
2018-10-17,-0.0028000000000000004,-0.0074,-3e-4,0.006
2018-10-18,-0.0168,-0.0322,-0.0144,-0.0294
2018-10-19,-0.009399999999999999,-0.0078000000000000005,-4e-4,0.0258
2018-10-22,-0.0040999999999999995,-0.0029,-0.0043,0.0409
2018-10-23,-0.0040999999999999995,-0.0053,-0.0055000000000000005,-0.0226
2018-10-24,3e-4,-0.0027,-0.030899999999999997,0.0033
2018-10-25,-0.0036,-0.0049,0.018600000000000002,2e-4
2018-10-26,5e-4,0.0023,-0.0173,-0.0019
2018-10-29,-0.0233,-0.0387,-0.0066,-0.0218
2018-10-30,-0.0015,0.0017000000000000001,0.015700000000000002,0.0102
2018-10-31,0.0064,0.0060999999999999995,0.0109,0.013500000000000002
2018-11-01,0.0054,-0.0021,0.0106,0.0013
2018-11-02,0.0038,0.0227,-0.0063,0.027000000000000003
2018-11-05,-0.0029,-0.005600000000000001,0.005600000000000001,-0.0040999999999999995
2018-11-06,0.0067,0.0454,0.0063,-0.0023
2018-11-07,0.0096,-0.006500000000000001,0.0212,-0.0068000000000000005
2018-11-08,-0.0139,-0.0271,-0.0025,-0.0022
2018-11-09,-0.0096,-0.006999999999999999,-0.0092,-0.0139
2018-11-12,-0.0017000000000000001,-0.0018,-0.0197,0.012199999999999999
2018-11-13,-9e-4,-0.011000000000000001,-0.0015,0.009300000000000001
2018-11-14,-0.0913,-0.1092,-0.0076,-0.0085
2018-11-15,-0.021099999999999997,-0.0179,0.0106,0.013600000000000001
2018-11-16,-0.014499999999999999,-0.0385,0.0022,0.0040999999999999995
2018-11-19,-0.1369,-0.1597,-0.0166,0.0091
2018-11-20,-0.0736,-0.11460000000000001,-0.0182,-0.0213
2018-11-21,0.0252,0.0361,0.003,0.0021
2018-11-23,0.0096,-0.011699999999999999,-0.0066,-0.024900000000000002
2018-11-26,-0.0554,-0.0675,0.0155,-0.0014000000000000002
2018-11-27,0.0077,0.01,0.0033,-4e-4
2018-11-28,0.1032,0.10400000000000001,0.023,0.0105
2018-11-29,0.0073,-0.039900000000000005,-0.0022,-0.0132
2018-11-30,-0.059800000000000006,-0.0346,0.008199999999999999,0.008100000000000001
2018-12-03,-0.06309999999999999,-0.0665,0.0109,0.025699999999999997
2018-12-04,0.015600000000000001,0.0131,-0.032400000000000005,0.0042
2018-12-06,-0.0697,-0.1121,-0.0015,-0.0168
2018-12-07,-0.0246,0.0265,-0.0233,3e-4
2018-12-10,-0.03,-0.0368,0.0018,-0.008199999999999999
2018-12-11,-0.015300000000000001,-0.020499999999999997,-4e-4,0.0037
2018-12-12,0.0172,0.0146,0.0054,0.0031
2018-12-13,-0.0435,-0.0369,-2e-4,0.0123
2018-12-14,-0.0204,-0.028999999999999998,-0.0191,-0.015300000000000001
2018-12-17,0.0857,0.114,-0.0208,0.0016
2018-12-18,0.04019999999999999,0.0666,1e-4,-0.008199999999999999
2018-12-19,0.0052,-0.0128,-0.0154,-0.0105
2018-12-20,0.10550000000000001,0.1535,-0.0158,-0.0052
2018-12-21,-0.0552,-0.056100000000000004,-0.0206,-0.0079
2018-12-24,0.0207,0.07429999999999999,-0.0271,0.0043
2018-12-26,0.0083,0.013000000000000001,0.0496,-0.0026
2018-12-27,-0.0545,-0.1192,0.0086,-0.0060999999999999995
2018-12-28,0.0766,0.1925,-0.0012,0.0044
2019-01-02,0.0169,0.0956,0.0013,-0.0115
2019-01-03,-0.0242,-0.0393,-0.0248,-4e-4
2019-01-04,0.006,0.0403,0.034300000000000004,0.020499999999999997
2019-01-07,-0.0045000000000000005,-0.0323,0.006999999999999999,0.0072
2019-01-08,-0.0037,-0.0103,0.0097,-0.0026
2019-01-09,0.0017000000000000001,0.0026,0.0040999999999999995,0.0070999999999999995
2019-01-10,-0.0941,-0.15560000000000002,0.0045000000000000005,-0.0036
2019-01-11,0.0034999999999999996,-0.0039000000000000003,-1e-4,0.0074
2019-01-14,0.0424,0.1124,-0.0053,-0.0070999999999999995
2019-01-15,-0.0184,-0.062,0.010700000000000001,0.013600000000000001
2019-01-16,0.004699999999999999,0.0175,0.0022,0
2019-01-17,0.010700000000000001,0.0025,0.0076,-0.0042
2019-01-18,-0.005699999999999999,-0.022000000000000002,0.0132,0.014199999999999999
2019-01-22,0.0123,0.018799999999999997,-0.014199999999999999,-0.0118
2019-01-23,-0.0052,-0.0118,0.0022,5e-4
2019-01-24,0.0036,-0.0011,0.0014000000000000002,0.0040999999999999995
2019-01-25,-6e-4,-0.0103,0.0085,0.0039000000000000003
2019-01-28,-0.0317,-0.0594,-0.0078000000000000005,-0.0018
2019-01-29,-0.008100000000000001,-0.0098,-0.0015,-0.0011
2019-01-30,0.0132,0.0355,0.0155,-0.0072
2019-01-31,-0.0066,-0.0166,0.0086,0.0034999999999999996
2019-02-01,0.009000000000000001,0.0026,9e-4,0.013000000000000001
2019-02-11,-0.0128,-0.028900000000000002,7.000000000000001e-4,0.013600000000000001
2019-02-12,1e-4,0.011000000000000001,0.0129,0.0068000000000000005
2019-02-13,-0.005600000000000001,-0.0034999999999999996,0.003,0.0184
2019-02-14,-0.0052,-0.0102,-0.0027,-5e-4
2019-02-15,0.0034000000000000002,0.0063,0.0109,-0.0137
2019-02-19,0.004699999999999999,-0.012199999999999999,0.0015,5e-4
2019-02-20,0.0148,0.0354,0.0018,0.002
2019-02-21,-0.009000000000000001,-0.0223,-0.0034999999999999996,-0.0034000000000000002
2019-02-22,0.0073,0.015,0.0064,0.0191
2019-02-25,0.0209,0.04019999999999999,0.0012,0.055999999999999994
2019-02-26,-0.0060999999999999995,-0.0115,-8e-4,-0.0067
2019-02-27,0.0011,-0.0108,-5e-4,0.0042
2019-02-28,5e-4,0.002,-0.0028000000000000004,-0.0044
2019-03-01,0.0014000000000000002,0.0018,0.0069,0.018000000000000002
2019-03-04,-0.0245,-0.0385,-0.0039000000000000003,0.011200000000000002
2019-03-05,0.038,0.0861,-0.0011,0.0088
2019-03-06,0.0015,0.0058,-0.006500000000000001,0.015700000000000002
2019-03-07,0.0032,-0.005,-0.008100000000000001,0.0014000000000000002
2019-03-08,-0.0024,-0.0225,-0.0021,-0.044000000000000004
2019-03-11,-0.0115,-0.020099999999999996,0.0147,0.0192
2019-03-12,0.0040999999999999995,0.0060999999999999995,0.003,0.011000000000000001
2019-03-13,-0.0054,-0.0137,0.0069,-0.0109
2019-03-14,0.0036,0.0036,-9e-4,-0.012
2019-03-15,0.011699999999999999,0.0325,0.005,0.0104
2019-03-18,0.0022,-0.0070999999999999995,0.0037,0.024700000000000003
2019-03-19,0.0067,0.0058,-1e-4,-0.0018
2019-03-20,0.006,0.0042,-0.0029,-1e-4
2019-03-21,-0.0146,-0.0302,0.0109,0.0034999999999999996
2019-03-22,0.0021,0.0097,-0.019,9e-4
2019-03-25,-0.0144,-0.016,-8e-4,-0.0197
2019-03-26,0.0015,8e-4,0.0072,-0.0151
2019-03-27,0.025099999999999997,0.0393,-0.0046,0.0085
2019-03-28,-0.004,-0.0108,0.0036,-0.0092
2019-03-29,0.019,0.0379,0.0067,0.032
2019-04-01,0.0104,-0.002,0.0116,0.0258
2019-04-02,0.1723,0.1553,0,0.002
2019-04-03,0.0225,-0.0192,0.0021,0.0124
2019-04-04,-0.013300000000000001,-0.0181,0.0021,0.009399999999999999
2019-04-08,0.0138,0.0277,0.001,-5e-4
2019-04-09,-0.0165,-0.0227,-0.0060999999999999995,-0.0016
2019-04-10,0.028900000000000002,0.013000000000000001,0.0034999999999999996,7.000000000000001e-4
2019-04-11,-0.0537,-0.0733,0,-0.016
2019-04-12,0.0063,-0.0054,0.0066,-4e-4
2019-04-15,-0.02,-0.0425,-6e-4,-0.0034000000000000002
2019-04-16,0.029500000000000002,0.0342,5e-4,0.0239
2019-04-17,0.0053,0.0016,-0.0023,0.0029
2019-04-18,0.0108,0.044800000000000006,0.0016,-0.004
2019-04-22,0.0197,0.0139,0.001,-0.017
2019-04-23,0.0308,-0.0054,0.0088,-0.0051
2019-04-24,-0.0174,-0.0278,-0.0022,9e-4
2019-04-25,-0.0381,-0.060700000000000004,-4e-4,-0.024300000000000002
2019-04-26,0.0171,0.018000000000000002,0.004699999999999999,-0.012
2019-04-29,-0.0127,-0.021099999999999997,0.0011,-0.0077
2019-04-30,0.016399999999999998,0.0444,0.001,0.0052
2019-05-06,-0.0052,0.0611,-0.0045000000000000005,-0.0558
2019-05-07,0.0182,-0.021099999999999997,-0.0165,0.0069
2019-05-08,0.0241,0.0084,-0.0016,-0.011200000000000002
2019-05-09,0.0336,4e-4,-0.003,-0.0148
2019-05-10,0.031400000000000004,0.0113,0.0037,0.031
2019-05-13,0.1176,0.042199999999999994,-0.0241,-0.0121
2019-05-14,0.0242,0.1092,0.008,-0.0069
2019-05-15,0.0213,0.1413,0.0058,0.0191
2019-05-16,-0.0359,0.0666,0.0089,0.0058
2019-05-17,-0.06509999999999999,-0.0765,-0.0058,-0.0248
2019-05-20,-0.0235,-0.034300000000000004,-0.0067,-0.0040999999999999995
2019-05-21,-0.0044,0.0121,0.0085,0.0123
2019-05-22,-0.037200000000000004,-0.0371,-0.0028000000000000004,-0.0049
2019-05-23,0.028300000000000002,0.0014000000000000002,-0.011899999999999999,-0.013500000000000002
2019-05-24,0.015,0.0183,0.0014000000000000002,2e-4
2019-05-28,-0.005,8e-4,-0.0084,0.0060999999999999995
2019-05-29,-0.0079,-0.0095,-0.0069,0.0016
2019-05-30,-0.0435,-0.0524,0.0021,-0.0031
2019-05-31,0.0346,0.0529,-0.0132,-0.0024
2019-06-03,-0.0692,-0.0693,-0.0028000000000000004,-0.003
2019-06-04,-0.0541,-0.0364,0.021400000000000002,-0.0096
2019-06-05,0.012199999999999999,0.0189,0.008199999999999999,-3e-4
2019-06-06,8e-4,0.011000000000000001,0.0060999999999999995,-0.011699999999999999
2019-06-10,0.0462,0.0674,0.004699999999999999,0.0086
2019-06-11,-0.0125,-0.009899999999999999,-3e-4,0.0258
2019-06-12,0.0311,0.0701,-0.002,-0.005600000000000001
2019-06-13,0.0106,-0.0255,0.0040999999999999995,5e-4
2019-06-14,0.053200000000000004,0.0301,-0.0016,-0.009899999999999999
2019-06-17,0.0398,0.0187,9e-4,0.002
2019-06-18,-0.0256,-0.0308,0.0097,9e-4
2019-06-19,0.019299999999999998,0.0139,0.003,0.0096
2019-06-20,0.028300000000000002,0.0118,0.0095,0.023799999999999998
2019-06-21,0.0696,0.0858,-0.0013,0.005
2019-06-24,0.0137,0.0095,-0.0017000000000000001,0.0021
2019-06-25,0.0691,0.0199,-0.0095,-0.0087
2019-06-26,0.10619999999999999,0.0658,-0.0012,-0.0019
2019-06-27,-0.1359,-0.1211,0.0038,0.0069
2019-06-28,0.0993,0.0437,0.0058,-0.006
2019-07-01,-0.0187,0.009000000000000001,0.0077,0.0222
2019-07-02,0.0207,-0.0116,0.0029,-3e-4
2019-07-03,0.0983,0.031400000000000004,0.0077,-0.009399999999999999
2019-07-05,-0.0173,0.0131,-0.0018,0.0019
2019-07-08,0.0733,0.0241,-0.0048,-0.0258
2019-07-09,0.0236,-0.0154,0.0012,-0.0017000000000000001
2019-07-10,-0.0344,-0.0596,0.0045000000000000005,-0.0044
2019-07-11,-0.0634,-0.0705,0.0023,8e-4
2019-07-12,0.037000000000000005,0.0222,0.0046,0.0044
2019-07-15,0.0633,0.008199999999999999,2e-4,0.004
2019-07-16,-0.131,-0.12960000000000002,-0.0034000000000000002,-0.0016
2019-07-17,0.0317,0.060700000000000004,-0.006500000000000001,-0.002
2019-07-18,0.0955,0.0677,0.0036,-0.0104
2019-07-19,-0.0075,-0.022799999999999997,-0.0062,0.0079
2019-07-22,-0.0282,-0.0344,0.0028000000000000004,-0.0127
2019-07-23,-0.050300000000000004,-0.024900000000000002,0.0068000000000000005,0.0045000000000000005
2019-07-24,-0.0085,0.0169,0.004699999999999999,0.008
2019-07-25,0.0144,0.0102,-0.0053,0.0048
2019-07-26,-0.0115,9e-4,0.0074,0.0024
2019-07-29,-0.0151,-0.0026,-0.0016,-0.0012
2019-07-30,-0,-0.0063,-0.0026,0.0039000000000000003
2019-07-31,0.052300000000000006,0.04190000000000001,-0.0109,-0.0067
2019-08-01,0.0296,-0.004,-0.009000000000000001,-0.008100000000000001
2019-08-02,0.013500000000000002,8e-4,-0.0073,-0.0141
2019-08-05,0.08070000000000001,0.053099999999999994,-0.0298,-0.016200000000000003
2019-08-06,-0.028399999999999998,-0.029300000000000003,0.013000000000000001,-0.015600000000000001
2019-08-07,0.0464,-0.0043,8e-4,-0.0032
2019-08-08,0.0148,-0.02,0.018799999999999997,0.009300000000000001
2019-08-09,-0.0084,-0.0484,-0.0066,-0.0070999999999999995
2019-08-12,-0.010700000000000001,-0.024900000000000002,-0.012,0.014499999999999999
2019-08-13,-0.044000000000000004,-0.0132,0.0148,-0.0063
2019-08-14,-0.0774,-0.1017,-0.029300000000000003,0.0042
2019-08-15,0.0253,0.0066,0.0025,0.0025
2019-08-16,0.0031,-0.0173,0.0144,0.0028000000000000004
2019-08-19,0.057999999999999996,0.041100000000000005,0.0121,0.021
2019-08-20,-0.014499999999999999,-0.0273,-0.0079,-0.0011
2019-08-21,-0.056799999999999996,-0.0454,0.008199999999999999,1e-4
2019-08-22,-0.0036,0.0163,-5e-4,0.0011
2019-08-23,0.0281,0.0165,-0.0259,0.0049
2019-08-26,0.0232,0.0109,0.011000000000000001,-0.011699999999999999
2019-08-27,-0.018000000000000002,-0.009300000000000001,-0.0032,0.013500000000000002
2019-08-28,-0.0447,-0.0736,0.006500000000000001,-0.0029
2019-08-29,-0.0245,-0.024300000000000002,0.0127,-0.001
2019-08-30,0.009899999999999999,-0.0029,6e-4,-0.0016
2019-09-03,0.0255,0.0039000000000000003,-0.0069,0.0021
2019-09-04,-0.0042,-0.0225,0.0108,0.009300000000000001
2019-09-05,-1e-4,-0.0055000000000000005,0.013000000000000001,0.0096
2019-09-06,-0.024399999999999998,-0.027000000000000003,9e-4,0.0046
2019-09-09,-0.009000000000000001,-0.0044,-1e-4,0.0084
2019-09-10,-0.019799999999999998,-0.0033,3e-4,-0.0012
2019-09-11,0.005699999999999999,-0.0088,0.0072,-0.0040999999999999995
2019-09-12,0.024900000000000002,0.013500000000000002,0.0029,0.0075
2019-09-16,-0.0054,0.0435,-0.0031,-2e-4
2019-09-17,-0.0058,0.0529,0.0026,-0.0174
2019-09-18,-0.003,0.0128,3e-4,0.0025
2019-09-19,0.0084,0.04650000000000001,0,0.0046
2019-09-20,-0.0076,-0.01,-0.0049,0.0024
2019-09-23,-0.032799999999999996,-0.0471,-1e-4,-0.0098
2019-09-24,-0.1225,-0.1734,-0.0084,0.0028000000000000004
2019-09-25,-0.0096,0.0158,0.0062,-0.01
2019-09-26,-0.0437,-0.0258,-0.0024,-0.0089
2019-09-27,0.015,0.0524,-0.0053,0.0011
2019-09-30,0.0292,0.0653,0.005,-0.0092
2019-10-08,-0.0019,0.0051,-0.015600000000000001,0.0029
2019-10-09,0.046900000000000004,0.06559999999999999,0.0091,0.0039000000000000003
2019-10-10,-5e-4,-0.008,0.0064,0.0078000000000000005
2019-10-11,-0.0344,-0.054900000000000004,0.0109,0.0088
2019-10-14,0.0087,0.0305,-0.0014000000000000002,0.0115
2019-10-15,-0.0223,-0.0323,0.01,-0.005600000000000001
2019-10-16,-0.0204,-0.0336,-0.002,-0.0040999999999999995
2019-10-17,0.0091,0.0159,0.0028000000000000004,-5e-4
2019-10-18,-0.0155,-0.0254,-0.0039000000000000003,-0.0132
2019-10-21,-0.0018,-0.0055000000000000005,0.0069,5e-4
2019-10-22,-0.0215,-0.0158,-0.0036,0.005
2019-10-23,-0.069,-0.053399999999999996,0.0028000000000000004,-0.0043
2019-10-24,-0.0073,-0.0095,0.0019,-2e-4
2019-10-25,0.16649999999999998,0.1292,0.0040999999999999995,0.0048
2019-10-28,-0.0338,-0.0129,0.005600000000000001,0.0085
2019-10-29,0.0222,0.0483,-8e-4,-0.0087
2019-10-30,-0.0269,-0.0378,0.0033,-0.005
2019-10-31,-6e-4,-0.0048,-0.003,-0.0034999999999999996
2019-11-01,0.0085,0.0040999999999999995,0.0097,0.009899999999999999
2019-11-04,0.0215,0.0229,0.0037,0.0058
2019-11-05,-0.0091,0.0151,-0.0012,0.0054
2019-11-06,0.003,0.0138,7.000000000000001e-4,-0.0043
2019-11-07,-0.0124,-0.0227,0.0027,0
2019-11-08,-0.0483,-0.015600000000000001,0.0026,-0.0049
2019-11-11,-0.0332,-0.0206,-0.002,-0.0183
2019-11-12,0.0087,0.0103,0.0016,0.0017000000000000001
2019-11-13,-0.0033,0.0073,7.000000000000001e-4,-0.0033
2019-11-14,-0.0139,-0.0165,8e-4,0.0016
2019-11-15,-0.0213,-0.0273,0.0077,-0.0064
2019-11-18,-0.0354,-0.030899999999999997,5e-4,0.0062
2019-11-19,-0.0076,-0.013500000000000002,-6e-4,0.0085
2019-11-20,-0.005699999999999999,-0.0064,-0.0038,-0.0078000000000000005
2019-11-21,-0.0582,-0.0771,-0.0016,-0.0025
2019-11-22,-0.0466,-0.0722,0.0022,-0.0063
2019-11-25,0.0276,0.037200000000000004,0.0075,0.0072
2019-11-26,0.0066,0.011699999999999999,0.0022,3e-4
2019-11-27,0.048600000000000004,0.0344,0.0042,-0.0013
2019-11-29,0.0426,0.023,-0.004,-0.0060999999999999995
2019-12-02,-0.013300000000000001,-0.0143,-0.0086,0.0013
2019-12-03,-9e-4,-0.0072,-0.0066,0.0031
2019-12-04,-0.012,-0.0137,0.0063,-0.0023
2019-12-05,0.027000000000000003,0.0199,0.0015,0.0074
2019-12-06,0.0178,0.0013,0.0091,0.0043
2019-12-09,-0.022400000000000003,-0.0218,-0.0032,8e-4
2019-12-10,-0.0163,-0.0137,-0.0011,0.001
2019-12-11,-0.0038,-0.0161,0.0029,0.0024
2019-12-12,0,0.0106,0.0086,-0.003
2019-12-13,0.006500000000000001,-5e-4,1e-4,0.0178
2019-12-16,-0.0316,-0.0684,0.0070999999999999995,0.005600000000000001
2019-12-17,-0.042,-0.08070000000000001,3e-4,0.0127
2019-12-18,0.1002,0.0889,-4e-4,-0.0018
2019-12-19,-0.0152,-0.0339,0.0045000000000000005,0
2019-12-20,0.0043,0.0022,0.0049,-0.004
2019-12-23,-0.0231,-0.0311,9e-4,-0.013999999999999999
2019-12-24,-0.0074,-2e-4,-2e-4,0.0067
2019-12-26,-0.0019,0.0055000000000000005,0.0051,0.0085
2019-12-27,0.006999999999999999,0.0038,0,-8e-4
2019-12-30,-0.0184,-0.0191,-0.0058,0.0116
2019-12-31,-0.009000000000000001,-0.0199,0.0029,0.0033
2020-01-02,-0.0323,-0.027200000000000002,0.0084,0.0115
2020-01-03,0.054000000000000006,0.0556,-0.0070999999999999995,-5e-4
2020-01-06,0.0524,0.0626,0.0034999999999999996,-1e-4
2020-01-07,0.051100000000000007,-0.0073,-0.0028000000000000004,0.0069
2020-01-08,-0.0118,-0.015600000000000001,0.0049,-0.012199999999999999
2020-01-09,-0.027000000000000003,-0.020499999999999997,0.0067,0.0091
2020-01-10,0.044000000000000004,0.0499,-0.0029,-8e-4
2020-01-13,-0.009300000000000001,-0.0195,0.006999999999999999,0.0075
2020-01-14,0.0885,0.1565,-0.0015,-0.0028000000000000004
2020-01-15,-0.0012,0.0023,0.0019,-0.0054
2020-01-16,-0.0104,-0.0126,0.0084,-0.0052
2020-01-17,0.0213,0.035699999999999996,0.0039000000000000003,5e-4
2020-01-21,0.0105,0.0152,-0.0027,-0.0141
2020-01-22,-0.0062,-0.0076,3e-4,0.0028000000000000004
2020-01-23,-0.0315,-0.0317,0.0011,-0.0275
2020-02-03,-0.0040999999999999995,0.0069,0.0073,-0.07719999999999999
2020-02-04,-0.011000000000000001,-0.0045000000000000005,0.015,0.0134
2020-02-05,0.0454,0.0789,0.0113,0.0125
2020-02-06,0.0167,0.0458,0.0033,0.0172
2020-02-07,0.0048,0.048600000000000004,-0.0054,0.0033
2020-02-10,-0.029300000000000003,-0.024700000000000003,0.0073,0.0051
2020-02-11,0.0381,0.061900000000000004,0.0017000000000000001,0.0039000000000000003
2020-02-12,0.0086,0.12179999999999999,0.006500000000000001,0.0087
2020-02-13,-0.008,0.011899999999999999,-0.0016,-0.0070999999999999995
2020-02-14,0.0096,0.061399999999999996,0.0018,0.0038
2020-02-18,0.0471,0.0546,-0.0029,5e-4
2020-02-19,-0.054000000000000006,-0.08199999999999999,0.004699999999999999,-0.0032
2020-02-20,-7.000000000000001e-4,-0.0067,-0.0038,0.0184
2020-02-21,0.0085,0.03,-0.0105,0.0031
2020-02-24,-0.0282,-0.033,-0.0335,-0.0028000000000000004
2020-02-25,-0.035699999999999996,-0.0704,-0.030299999999999997,-0.006
2020-02-26,-0.0555,-0.09179999999999999,-0.0038,-0.0083
2020-02-27,0.0021,0.0144,-0.044199999999999996,0.0011
2020-02-28,-0.0137,-0.0026,-0.008199999999999999,-0.0371
2020-03-02,0.042699999999999995,0.0637,0.046,0.0315
2020-03-03,-0.0161,-0.0342,-0.0281,0.0074
2020-03-04,-4e-4,0.002,0.042199999999999994,0.0063
2020-03-05,0.0345,0.0181,-0.0339,0.0199
2020-03-06,0.008199999999999999,0.07200000000000001,-0.0171,-0.0121
2020-03-09,-0.0126,0.018500000000000003,-0.076,-0.0301
2020-03-10,-0.0053,-0.0113,0.049400000000000006,0.0182
2020-03-11,0.005600000000000001,-0.0298,-0.0489,-0.009399999999999999
2020-03-12,-0.3918,-0.44549999999999995,-0.0951,-0.0152
2020-03-13,0.15710000000000002,0.2418,0.0929,-0.0123
2020-03-16,-0.06269999999999999,-0.1072,-0.1198,-0.034
2020-03-17,0.045899999999999996,0.0454,0.06,-0.0034000000000000002
2020-03-18,0.0191,0.0147,-0.0518,-0.0183
2020-03-19,0.1512,0.15,0.004699999999999999,-0.0098
2020-03-20,0.0054,-0.015600000000000001,-0.0434,0.0161
2020-03-23,0.11109999999999999,0.1112,-0.029300000000000003,-0.0311
2020-03-24,0.0426,0.0191,0.09380000000000001,0.023399999999999997
2020-03-25,-0.0097,-0.0184,0.0115,0.0217
2020-03-26,0.0069,0.017,0.062400000000000004,-0.006
2020-03-27,-0.052300000000000006,-0.048,-0.0337,0.0026
2020-03-30,0.085,0.0552,0.0335,-0.009000000000000001
2020-03-31,0.0034000000000000002,0.0054,-0.016,0.0011
2020-04-01,0.0352,0.021,-0.0441,-0.005699999999999999
2020-04-02,0.024399999999999998,0.0416,0.022799999999999997,0.0169
2020-04-03,-0.0095,-0.0011,-0.0151,-0.006
2020-04-07,-0.020099999999999996,-0.0371,-0.0016,0.020499999999999997
2020-04-08,0.0245,0.050300000000000004,0.0341,-0.0019
2020-04-09,-0.0098,-0.0192,0.014499999999999999,0.0037
2020-04-13,-0.011000000000000001,-0.0148,-0.0101,-0.0049
2020-04-14,0.0014000000000000002,0.013300000000000001,0.030600000000000002,0.0159
2020-04-15,-0.032400000000000005,-0.035,-0.022000000000000002,-0.005699999999999999
2020-04-16,0.0689,0.12689999999999999,0.0058,0.0031
2020-04-17,-0.006999999999999999,-0.0097,0.0268,0.0066
2020-04-20,-0.0406,-0.054000000000000006,-0.0179,0.005
2020-04-21,0.0013,0.0023,-0.030699999999999998,-0.009000000000000001
2020-04-22,0.0395,0.0699,0.0229,0.006
2020-04-23,0.0528,0.015,-5e-4,-0.0019
2020-04-24,0.002,0.011399999999999999,0.0139,-0.0106
2020-04-27,0.0113,-0.0060999999999999995,0.0147,0.0025
2020-04-28,-0.0025,0.0021,-0.0052,-0.0019
2020-04-29,0.1322,0.0959,0.026600000000000002,0.0044
2020-04-30,-0.016200000000000003,-0.0426,-0.0092,0.013300000000000001
2020-05-06,0.0167,-0.0308,-0.006999999999999999,0.0063
2020-05-07,0.09050000000000001,0.06509999999999999,0.0115,-0.0023
2020-05-08,-0.0174,-0.0026,0.0169,0.0083
2020-05-11,-0.0182,-0.0097,2e-4,-2e-4
2020-05-12,0.0273,0.0209,-0.020499999999999997,-0.0011
2020-05-13,0.055,0.0513,-0.0175,0.0022
2020-05-14,0.0516,0.018600000000000002,0.0115,-0.0096
2020-05-15,-0.0471,-0.0415,0.0039000000000000003,-7.000000000000001e-4
2020-05-18,0.0055000000000000005,0.038,0.0315,0.0024
2020-05-19,0.0044,-0.0017000000000000001,-0.0105,0.008100000000000001
2020-05-20,-0.026699999999999998,-0.021099999999999997,0.0167,-0.0051
2020-05-21,-0.047599999999999996,-0.0535,-0.0078000000000000005,-0.0055000000000000005
2020-05-22,0.012199999999999999,0.0433,0.0024,-0.0189
2020-05-26,-0.0063,-0.015300000000000001,0.0123,0.0101
2020-05-27,0.0403,0.035699999999999996,0.0148,-0.0034000000000000002
2020-05-28,0.0406,0.057699999999999994,-0.0021,0.0033
2020-05-29,-0.0154,0.0021,0.0048,0.0022
2020-06-01,0.07769999999999999,0.0697,0.0038,0.022099999999999998
2020-06-02,-0.0649,-0.0405,0.008199999999999999,0.002
2020-06-03,0.0147,0.0277,0.013600000000000001,7.000000000000001e-4
2020-06-04,0.0132,-0.004699999999999999,-0.0034000000000000002,-0.0014000000000000002
2020-06-05,-0.0167,-0.0129,0.0262,0.004
2020-06-08,0.0036,0.0066,0.012,0.0024
2020-06-09,-9e-4,-0.0096,-0.0078000000000000005,0.0062
2020-06-10,0.0113,0.016200000000000003,-0.0053,-0.0042
2020-06-11,-0.0603,-0.0689,-0.058899999999999994,-0.0078000000000000005
2020-06-12,0.0197,0.0296,0.0131,-4e-4
2020-06-15,0.0086,-0.004699999999999999,0.0083,-0.0102
2020-06-16,0.0104,0.0192,0.019,0.0144
2020-06-17,-0.0062,-0.0063,-0.0036,0.0014000000000000002
2020-06-18,-0.008100000000000001,-0.0109,6e-4,0.0012
2020-06-19,-0.0079,-0.0097,-0.005600000000000001,0.0096
2020-06-22,0.0417,0.0663,0.006500000000000001,-8e-4
2020-06-23,-0.0060999999999999995,-2e-4,0.0043,0.0018
2020-06-24,-0.0335,-0.0347,-0.0259,0.003
2020-06-29,0.0067,0.0124,0.0147,-0.0060999999999999995
2020-06-30,-0.0054,-0.009899999999999999,0.0154,0.0078000000000000005
2020-07-01,0.0103,0.0236,0.005,0.0138
2020-07-02,-0.015700000000000002,-0.0196,0.0045000000000000005,0.0213
2020-07-06,0.028399999999999998,0.0596,0.0159,0.0571
2020-07-07,-0.0089,-0.0095,-0.0108,0.0037
2020-07-08,0.018799999999999997,0.032400000000000005,0.0078000000000000005,0.0174
2020-07-09,-0.0206,-0.020099999999999996,-0.005600000000000001,0.0139
2020-07-10,0.0053,-0.0032,0.0105,-0.0195
2020-07-13,-0.0062,-0.0124,-0.009399999999999999,0.0177
2020-07-14,0.0011,0.0032,0.0134,-0.0083
2020-07-15,-0.0059,-0.0078000000000000005,0.0091,-0.015600000000000001
2020-07-16,-0.0069,-0.0208,-0.0034000000000000002,-0.045
2020-07-17,0.0022,-0.0039000000000000003,0.0028000000000000004,0.0013
2020-07-20,-0.005,-0.012199999999999999,0.0084,0.0311
2020-07-21,0.0246,0.039900000000000005,0.0017000000000000001,0.002
2020-07-22,0.013500000000000002,0.0723,0.005699999999999999,0.0037
2020-07-23,0.009000000000000001,0.0458,-0.0123,-0.0024
2020-07-24,-0.0055000000000000005,0.014499999999999999,-0.0062,-0.038599999999999995
2020-07-27,0.10980000000000001,0.034300000000000004,0.0074,0.0026
2020-07-28,-0.0104,-0.015,-0.006500000000000001,0.0070999999999999995
2020-07-29,0.0181,0.0027,0.0124,0.0206
2020-07-30,-9e-4,0.0536,-0.0038,-0.0023
2020-07-31,0.021400000000000002,0.0348,0.0077,0.0070999999999999995
2020-08-03,0.014199999999999999,0.0369,0.0072,0.0175
2020-08-04,-0.0034999999999999996,0.009899999999999999,0.0036,0.0011
2020-08-05,0.0492,0.0287,0.0064,0.0017000000000000001
2020-08-06,0.0019,-0.0149,0.0064,0.0026
2020-08-07,-0.013999999999999999,-0.038599999999999995,6e-4,-0.0096
2020-08-10,0.0178,0.013600000000000001,0.0027,0.0075
2020-08-11,-0.04190000000000001,-0.0418,-0.008,-0.0115
2020-08-12,0.0146,0.021400000000000002,0.013999999999999999,-0.0063
2020-08-13,0.018500000000000003,0.09609999999999999,-0.002,4e-4
2020-08-14,-0.0017000000000000001,0.0323,-2e-4,0.011899999999999999
2020-08-17,0.0322,-0.0070999999999999995,0.0027,0.023399999999999997
2020-08-18,-0.0273,-0.0195,0.0023,0.0036
2020-08-19,-0.0165,-0.0349,-0.0044,-0.0124
2020-08-20,0.0091,0.021099999999999997,0.0032,-0.013000000000000001
2020-08-21,-0.0276,-0.0675,0.0034000000000000002,0.005
2020-08-24,0.0096,0.044000000000000004,0.01,0.0015
2020-08-25,-0.0365,-0.0601,0.0036,-0.0036
2020-08-26,0.0121,0.0072,0.0102,-0.013000000000000001
2020-08-27,-0.0118,-0.0074,0.0017000000000000001,0.0060999999999999995
2020-08-28,0.0177,0.0313,0.0067,0.016
2020-08-31,-0.0049,0.0118,-0.0022,-0.0024
2020-09-01,0.0232,0.0965,0.0075,0.0044
2020-09-02,-0.0421,-0.07719999999999999,0.0154,-0.0017000000000000001
2020-09-03,-0.109,-0.1301,-0.0351,-0.0058
2020-09-04,0.029900000000000003,0.0104,-0.008100000000000001,-0.0087
2020-09-08,-0.0241,-0.0415,-0.0278,0.0072
2020-09-09,0.0097,0.0404,0.020099999999999996,-0.018600000000000002
2020-09-10,0.0113,0.0479,-0.0176,-0.0060999999999999995
2020-09-11,0.0049,0.0158,5e-4,0.0079
2020-09-14,0.0338,0.0301,0.0127,0.005699999999999999
2020-09-15,0.0103,-0.0337,0.0052,0.0051
2020-09-16,0.0152,0.0024,-0.0046,-0.0036
2020-09-17,-7.000000000000001e-4,0.066,-0.0084,-0.0040999999999999995
2020-09-18,-8e-4,-0.0123,-0.011200000000000002,0.0207
2020-09-21,-0.0462,-0.0803,-0.0116,-0.0063
2020-09-22,0.011000000000000001,0.008,0.0105,-0.0129
2020-09-23,-0.0279,-0.07,-0.023700000000000002,0.0017000000000000001
2020-09-24,0.049,0.0913,0.003,-0.0172
2020-09-25,-0.004699999999999999,0.006999999999999999,0.016,-0.0012
2020-09-28,-0.0077,-0.0088,0.0161,-6e-4
2020-09-29,0.0138,0.0163,-0.0048,0.0021
2020-09-30,-0.006,-0.0013,0.0083,-0.002
2020-10-09,0.011899999999999999,0.0412,0.0088,0.0168
2020-10-12,0.0143,0.0334,0.016399999999999998,0.0264
2020-10-13,-0.0095,-0.0141,-0.0063,4e-4
2020-10-14,-3e-4,-0.0055000000000000005,-0.0066,-0.005600000000000001
2020-10-15,0.0072,-0.0045000000000000005,-0.0015,-0.0026
2020-10-16,-0.015700000000000002,-0.0325,1e-4,0.0013
2020-10-19,0.021400000000000002,0.0037,-0.0163,-0.0070999999999999995
2020-10-20,0.013600000000000001,-0.0286,0.004699999999999999,0.004699999999999999
2020-10-21,0.0751,0.062,-0.0022,-9e-4
2020-10-22,0.013000000000000001,0.0584,0.0052,-0.0038
2020-10-23,-0.0031,-0.013300000000000001,0.0034000000000000002,-0.0104
2020-10-26,0.0023,-0.029500000000000002,-0.018600000000000002,-0.008199999999999999
2020-10-27,0.045599999999999995,0.0229,-0.003,0.001
2020-10-28,-0.0277,-0.037200000000000004,-0.0353,0.0046
2020-10-29,0.0134,-0.0034999999999999996,0.011899999999999999,0.0011
2020-10-30,0.0076,-0.0113,-0.0121,-0.0147
2020-11-02,-0.0144,-0.0322,0.0123,2e-4
2020-11-03,0.0338,0.011399999999999999,0.0178,0.014199999999999999
2020-11-04,0.009000000000000001,0.0368,0.022000000000000002,0.0019
2020-11-05,0.10189999999999999,0.0359,0.0195,0.013000000000000001
2020-11-06,-6e-4,0.09380000000000001,-3e-4,-0.0024
2020-11-09,-0.0101,-0.022799999999999997,0.011699999999999999,0.018600000000000002
2020-11-10,-0.0015,0.013300000000000001,-0.0014000000000000002,-0.004
2020-11-11,0.0256,0.0291,0.0077,-0.0053
2020-11-12,0.0382,-0.0017000000000000001,-0.01,-0.0011
2020-11-13,0.0018,0.0297,0.013600000000000001,-0.0086
2020-11-16,0.0478,0.027200000000000002,0.0116,0.0111
2020-11-17,0.056600000000000004,0.0467,-0.0048,-0.0021
2020-11-18,0.0064,-0.0070999999999999995,-0.0116,0.0022
2020-11-19,0.0016,-0.015300000000000001,0.0039000000000000003,0.004699999999999999
2020-11-20,0.049,0.0823,-0.0068000000000000005,0.0044
2020-11-23,-0.0018,0.0891,0.005600000000000001,0.0109
2020-11-24,0.0421,-0.0069,0.016200000000000003,-0.0034000000000000002
2020-11-25,-0.022400000000000003,-0.0584,-0.0016,-0.011899999999999999
2020-11-27,-0.002,-0.0023,0.0024,0.011399999999999999
2020-11-30,0.0832,0.0703,-0.0046,-0.0049
2020-12-01,-0.0471,-0.049100000000000005,0.0113,0.0177
2020-12-02,0.0239,0.0212,0.0018,-7.000000000000001e-4
2020-12-03,0.011200000000000002,0.030600000000000002,-6e-4,-0.0021
2020-12-04,-0.039900000000000005,-0.0785,0.0088,7.000000000000001e-4
2020-12-07,-0.0108,-0.0176,-0.0019,-0.008100000000000001
2020-12-08,-0.044000000000000004,-0.061,0.0028000000000000004,-0.0019
2020-12-09,0.012,0.0327,-0.0079,-0.011200000000000002
2020-12-10,-0.0161,-0.0263,-0.0013,4e-4
2020-12-11,-0.0123,-0.025,-0.0013,-0.0077
2020-12-14,0.0051,-0.0083,-0.0044,0.0066
2020-12-15,0.0084,0.0046,0.0129,-6e-4
2020-12-16,0.0987,0.0823,0.0018,-1e-4
2020-12-17,0.069,0.0091,0.0058,0.0113
2020-12-18,0.013300000000000001,0.0166,-0.0034999999999999996,-0.0029
2020-12-21,-0.0318,-0.04769999999999999,-0.0039000000000000003,0.0076
2020-12-22,0.0482,0.0487,-0.0021,-0.018600000000000002
2020-12-23,-0.023700000000000002,-0.0812,7.000000000000001e-4,0.0076
2020-12-24,0.0206,0.0455,0.0034999999999999996,-0.005699999999999999
2020-12-28,0.030299999999999997,0.0678,0.0087,2e-4
2020-12-29,0.0118,0.0023,-0.0022,-0.0054
2020-12-30,0.0545,0.0274,0.0013,0.0105
2020-12-31,0.0028000000000000004,-0.021099999999999997,0.0064,0.0172
2021-01-04,-0.028399999999999998,0.0692,-0.0148,0.0086
2021-01-05,0.061500000000000006,0.0548,0.0070999999999999995,0.0073
2021-01-06,0.0824,0.09849999999999999,0.005699999999999999,0.0063
2021-01-07,0.0725,0.0137,0.0148,0.0070999999999999995
2021-01-08,0.028900000000000002,-0.006999999999999999,0.0055000000000000005,-0.0017000000000000001
2021-01-11,-0.0693,-0.131,-0.0066,-0.0108
2021-01-12,-0.041299999999999996,-0.0378,4e-4,0.0218
2021-01-13,0.09699999999999999,0.0745,0.0023,-0.0027
2021-01-14,0.048,0.0866,-0.0038,-0.0091
2021-01-15,-0.059500000000000004,-0.0444,-0.0072,1e-4
2021-01-19,-0.0167,0.0906,0.008100000000000001,-0.0083
2021-01-20,-0.0146,0.004,0.0139,0.004699999999999999
2021-01-21,-0.1306,-0.1889,3e-4,0.010700000000000001
2021-01-22,0.07,0.10490000000000001,-0.003,-0.004
2021-01-25,3e-4,-0.0521,0.0036,0.0048
2021-01-26,0.0077,0.036699999999999997,-0.0015,-0.0151
2021-01-27,-0.0646,-0.0868,-0.025699999999999997,0.0011
2021-01-28,0.0977,0.06480000000000001,0.0098,-0.0191
2021-01-29,0.0278,0.0383,-0.019299999999999998,-0.0063
2021-02-01,0.0123,0.0462,0.0161,0.0064
2021-02-02,0.0588,0.10039999999999999,0.0139,0.008100000000000001
2021-02-03,0.060899999999999996,0.1012,0.001,-0.0046
2021-02-04,-0.0177,-0.042300000000000004,0.0109,-0.0044
2021-02-05,0.0356,0.0785,0.0039000000000000003,-0.0016
2021-02-08,0.1941,0.085,0.0074,0.0103
2021-02-09,0.0024,0.011699999999999999,-0.0011,0.020099999999999996
2021-02-10,-0.036000000000000004,-0.0161,-3e-4,0.0143
2021-02-18,-0.0095,0.0466,-0.0044,0.0055000000000000005
2021-02-19,0.08380000000000001,0.0111,-0.0019,0.005699999999999999
2021-02-22,-0.057800000000000004,-0.0808,-0.0077,-0.014499999999999999
2021-02-23,-0.09609999999999999,-0.1121,0.0013,-0.0017000000000000001
2021-02-24,0.0161,0.028900000000000002,0.011399999999999999,-0.0199
2021-02-25,-0.0557,-0.0909,-0.0245,0.0059
2021-02-26,-0.0124,-0.0208,-0.0048,-0.0212
2021-03-01,0.0981,0.1066,0.023799999999999998,0.0121
2021-03-02,-0.0236,-0.0518,-0.008100000000000001,-0.0121
2021-03-03,0.0407,0.0554,-0.0131,0.0195
2021-03-04,-0.039,-0.0206,-0.0134,-0.020499999999999997
2021-03-05,0.0075,-0.0054,0.0195,-4e-4
2021-03-08,0.026099999999999998,0.059800000000000006,-0.0054,-0.023
2021-03-09,0.049100000000000005,0.020499999999999997,0.014199999999999999,-0.0182
2021-03-10,0.0177,-0.0401,0.006,-5e-4
2021-03-11,0.0349,0.0176,0.0104,0.0236
2021-03-12,-0.0092,-0.0323,0.001,0.004699999999999999
2021-03-15,-0.0562,-0.030699999999999998,0.006500000000000001,-0.0096
2021-03-16,0.0197,0.006999999999999999,-0.0016,0.0078000000000000005
2021-03-17,0.0356,0.0103,0.0029,-3e-4
2021-03-18,-0.0213,-0.0259,-0.0148,0.0051
2021-03-19,0.0075,0.0189,-6e-4,-0.0169
2021-03-22,-0.0562,-0.056799999999999996,0.006999999999999999,0.011399999999999999
2021-03-23,0.0054,-0.0086,-0.0076,-0.009300000000000001
2021-03-24,-0.0391,-0.0513,-0.0055000000000000005,-0.013000000000000001
2021-03-25,-0.0192,0.0026,0.0052,-0.001
2021-03-26,0.0724,0.0706,0.0166,0.0163
2021-03-29,0.0332,0.077,-9e-4,0.005
2021-03-30,0.02,0.0134,-0.0032,0.0062
2021-03-31,-1e-4,0.0418,0.0036,-0.0043
2021-04-01,-8e-4,0.026099999999999998,0.0118,0.0070999999999999995
2021-04-06,-0.0169,0.0024,-0.001,-4e-4
2021-04-07,-0.0353,-0.0711,0.0015,-0.001
2021-04-08,0.038,0.0604,0.0042,8e-4
2021-04-09,7.000000000000001e-4,-0.0062,0.0077,-0.0092
2021-04-12,-0.0019,-0.0063,-2e-4,-0.0109
2021-04-13,0.061399999999999996,0.0758,0.0033,-0.0048
2021-04-14,-0.0088,0.0572,-0.0040999999999999995,0.006
2021-04-15,0.0037,0.034,0.0111,-0.0052
2021-04-16,-0.028999999999999998,-0.0362,0.0036,0.008100000000000001
2021-04-19,-0.01,-0.0342,-0.0053,0.0149
2021-04-20,0.015,0.0794,-0.0068000000000000005,-0.0013
2021-04-21,-0.0471,0.0123,0.009300000000000001,-0
2021-04-22,-0.0388,0.0171,-0.0092,-0.0023
2021-04-23,-0.0113,-0.0141,0.0109,0.0026
2021-04-26,0.1033,0.0935,0.0018,-0.0095
2021-04-27,0.018799999999999997,0.052199999999999996,-2e-4,4e-4
2021-04-28,-0.0034999999999999996,0.0305,-8e-4,0.0042
2021-04-29,-0.023399999999999997,0.0039000000000000003,0.0068000000000000005,0.0052
2021-04-30,0.07769999999999999,0.005600000000000001,-0.0072,-0.008100000000000001
2021-05-06,-0.018000000000000002,-0.009399999999999999,0.008199999999999999,-0.0016
2021-05-07,0.0165,-0.0024,0.0074,-0.006500000000000001
2021-05-10,-0.040999999999999995,0.006500000000000001,-0.0104,0.0027
2021-05-11,0.0152,0.0557,-0.0087,0.004
2021-05-12,-0.129,-0.08539999999999999,-0.021400000000000002,0.0060999999999999995
2021-05-13,0.006500000000000001,-0.0242,0.012199999999999999,-0.0096
2021-05-14,0.0027,0.0956,0.0149,0.0177
2021-05-17,-0.0621,-0.08439999999999999,-0.0025,0.0078000000000000005
2021-05-18,-0.0148,0.0298,-0.0085,0.0032
2021-05-19,-0.14400000000000002,-0.2789,-0.0029,-0.0051
2021-05-20,0.10880000000000001,0.1404,0.0106,-0.0011
2021-05-21,-0.084,-0.124,-8e-4,-0.0058
2021-05-24,0.1174,0.2596,0.009899999999999999,0.0031
2021-05-25,-0.0096,0.022000000000000002,-0.0021,0.024
2021-05-26,0.0227,0.0664,0.0019,0.0034000000000000002
2021-05-27,-0.0212,-0.0516,0.0012,0.0043
2021-05-28,-0.0717,-0.1175,8e-4,-0.0022
2021-06-01,-0.016399999999999998,-0.0276,-5e-4,0.0026
2021-06-02,0.023700000000000002,0.0275,0.0014000000000000002,-0.0076
2021-06-03,0.0434,0.054400000000000004,-0.0036,-0.0036
2021-06-04,-0.0596,-0.058499999999999996,0.0088,0.0021
2021-06-07,-0.0625,-0.0446,-8e-4,0.0021
2021-06-08,-0.0058,-0.0316,2e-4,-0.0054
2021-06-09,0.1183,0.0381,-0.0018,0.0032
2021-06-10,-0.0183,-0.052300000000000006,0.004699999999999999,0.0054
2021-06-11,0.0181,-0.048,0.0019,-0.0058
2021-06-15,-0.0092,-0.0146,-0.002,-0.0092
2021-06-16,-0.0453,-0.0694,-0.0054,-0.010700000000000001
2021-06-17,-0.0074,0.0018,-4e-4,0.0021
2021-06-18,-0.0605,-0.0599,-0.0131,-1e-4
2021-06-21,-0.1097,-0.1572,0.013999999999999999,0.0012
2021-06-22,0.0254,-0.0077,0.0051,0.008
2021-06-23,0.0362,0.0489,-0.0011,0.0025
2021-06-24,0.0294,0.0105,0.0058,1e-4
2021-06-25,-0.0886,-0.0898,0.0033,0.0115
2021-06-28,-0.0058,0.0521,0.0023,-3e-4
2021-06-29,0.0394,0.0363,3e-4,-0.0092
2021-06-30,-0.0225,0.0533,0.0013,0.005
2021-07-01,-0.042300000000000004,-0.0724,0.0052,-7.000000000000001e-4
2021-07-02,0.008,0.0217,0.0075,-0.0195
2021-07-06,0.016,0.0576,-0.002,-0.0011
2021-07-07,-0.0105,-0.0026,0.0034000000000000002,0.0066
2021-07-08,-0.0296,-0.0848,-0.0086,-0.0079
2021-07-09,0.028300000000000002,0.0121,0.0113,-4e-4
2021-07-12,-0.0326,-0.0487,0.0034999999999999996,0.0067
2021-07-13,-0.0116,-0.0464,-0.0034999999999999996,0.0053
2021-07-14,0.0028000000000000004,0.0278,0.0012,-0.010700000000000001
2021-07-15,-0.029900000000000003,-0.0388,-0.0033,0.0102
2021-07-16,-0.013999999999999999,-0.0203,-0.0075,-0.0070999999999999995
2021-07-19,-0.0298,-0.0393,-0.0158,-1e-4
2021-07-20,-0.0338,-0.0176,0.0152,-7.000000000000001e-4
2021-07-21,0.0785,0.1167,0.008199999999999999,0.0073
2021-07-22,0.0052,0.0151,0.002,0.0034000000000000002
2021-07-23,0.0404,0.0489,0.0101,-0.0068000000000000005
2021-07-26,0.0533,0.0181,0.0024,-0.023399999999999997
2021-07-27,0.0584,0.0317,-0.004699999999999999,-0.024900000000000002
2021-07-28,0.013999999999999999,-5e-4,-2e-4,-0.0058
2021-07-29,-0,0.0356,0.0042,0.0149
2021-07-30,0.055,0.0336,-0.0054,-0.0042
2021-08-02,-0.0178,0.0203,-0.0019,0.0197
2021-08-03,-0.0265,-0.038900000000000004,0.008199999999999999,-0.004699999999999999
2021-08-04,0.0421,0.0872,-0.0046,0.0085
2021-08-05,0.028399999999999998,0.0374,0.006,-0.0031
2021-08-06,0.0472,0.022000000000000002,0.0017000000000000001,-0.0024
2021-08-09,0.056900000000000006,0.0501,-9e-4,0.0105
2021-08-10,-0.0149,-0.006999999999999999,0.001,0.0101
2021-08-11,-6e-4,0.0073,0.0025,8e-4
2021-08-12,-0.0255,-0.0379,0.003,-0.0022
2021-08-13,0.0767,0.0916,0.0016,-0.0024
2021-08-16,-0.0212,-0.0487,0.0026,3e-4
2021-08-17,-0.028399999999999998,-0.042300000000000004,-0.006999999999999999,-0.02
2021-08-18,7.000000000000001e-4,8e-4,-0.010700000000000001,0.0111
2021-08-19,0.0454,0.0557,0.0013,-0.005699999999999999
2021-08-20,0.054900000000000004,0.031200000000000002,0.008100000000000001,-0.011000000000000001
2021-08-23,0.0058,0.024900000000000002,0.0085,0.014499999999999999
2021-08-24,-0.0368,-0.0441,0.0015,0.010700000000000001
2021-08-25,0.0268,0.0173,0.0022,0.0074
2021-08-26,-0.0441,-0.0417,-0.0058,-0.0109
2021-08-27,0.04769999999999999,0.0582,0.0088,0.0059
2021-08-30,-0.0366,0.0011,0.0043,0.0017000000000000001
